기준월,만기전상환율,가중평균발행금리,주택종합 매매가격지수,주택종합 전세가격지수,소비자물가지수,15-64 실업자 수,코스피 월별 종가,예금은행 대출금리,평균 LTV,평균 DTI,CD금리,인플레이션율,미국 실효금리
2004-07,0.27,5.02,52.743,51.435,4.278317532459729,6.677083461247136,6.666689581158936,1.7900914121273581,61.09,29.270000000000003,1.3635373739972745,0.612875941152827,1.03
2004-08,0.27,4.846666666666667,52.603,51.04,4.284427587409819,6.754604099487962,6.600332977287377,1.780024213009634,60.919999999999995,31.37,1.3635373739972745,0.8682350022739426,1.26
2004-09,0.38,4.699999999999999,52.394,50.554,4.293072462588522,6.7357800142423265,6.689064300237949,1.7578579175523736,60.83,32.4175,1.308332819650179,0.0,1.43
2004-10,0.508,4.6,52.283,50.314,4.293072462588522,6.664409020350408,6.727539503473669,1.728109442151599,60.896,33.138,1.2584609896100056,0.0,1.61
2004-11,0.35833333333333334,4.515,52.157,50.09,4.293072462588522,6.68586094706836,6.7272400897235505,1.7173950539391927,60.97666666666667,33.403333333333336,1.2584609896100059,-0.6025330983317655,1.7600000000000002
2004-12,0.6699999999999999,4.449999999999999,51.925999999999995,49.714,4.287028906051602,6.70073110954781,6.777714928430082,1.6992786164338898,61.01714285714286,33.62,1.2296405510745139,0.1745704467353888,1.93
2005-01,0.692857142857143,4.449999999999999,51.709999999999994,49.32,4.288773088547929,6.795705775173514,6.797851123274438,1.6882490928583904,61.034285714285716,33.61714285714286,1.220829921392359,0.9838494998421982,2.16
2005-02,0.8314285714285715,4.449999999999999,51.567,49.086000000000006,4.298563500672622,6.88653164253051,6.838083605732818,1.6956156086751528,61.05,33.59428571428571,1.2441545939587677,0.40492431448216143,2.28
2005-03,1.1444444444444444,4.5744444444444445,51.731999999999985,49.185,4.302604567696391,6.890609120147166,6.919051238723989,1.7101878155342434,61.059999999999995,33.80111111111111,1.2781522025001875,0.6035836085097142,2.5
2005-04,1.1488888888888888,4.5744444444444445,51.93,49.404,4.308622261090468,6.855408798609928,6.872832516392871,1.7011051009599243,61.07888888888889,33.74888888888889,1.2669476034873246,0.1008905270521171,2.6299999999999994
2005-05,1.4960000000000002,4.588,52.22899999999999,49.582,4.3096306577581265,6.79794041297493,6.814872151502081,1.6714733033535532,61.13100000000001,33.666999999999994,1.2584609896100056,-0.10078884065956592,2.7899999999999996
2005-06,1.497272727272727,4.571818181818182,52.512,49.63799999999999,4.308622261090468,6.733401891837359,6.877512542911162,1.6389967146756448,61.17090909090909,33.648181818181826,1.255616037477774,-0.30132637412896435,3.0
2005-07,1.23,4.584166666666667,52.93999999999999,49.721,4.305604448329429,6.761572768804055,6.915882166193746,1.6351056591826783,61.23500000000001,33.5025,1.255616037477774,0.4034325498556175,3.0399999999999996
2005-08,1.2492307692307691,4.607692307692308,53.37900000000001,49.774999999999984,4.3096306577581265,6.774223886357614,7.0132767816808546,1.6448050562713916,61.301538461538456,33.537692307692296,1.255616037477774,0.2996788195610968,3.2599999999999985
2005-09,1.207857142857143,4.647142857142858,53.572999999999986,49.87400000000002,4.312622964535002,6.723832440821209,6.987794909727863,1.6601310267496183,61.40214285714285,33.48428571428571,1.252762968495368,0.49841899351519364,3.5
2005-10,1.106,4.708,53.702,50.277,4.317594774514493,6.754604099487962,7.107433664085357,1.6789639750827108,61.49866666666666,33.407333333333334,1.308332819650179,-0.19864547781570077,3.6199999999999997
2005-11,1.181875,4.780625000000001,53.68499999999999,50.619000000000014,4.315606344118292,6.7580945044277305,7.054544644985968,1.724550719534605,61.6075,33.295,1.3686394258811698,-0.39808172698003924,3.7800000000000007
2005-12,1.35375,4.780625000000001,53.68200000000001,50.738000000000014,4.311617582304563,6.652863029353347,7.1681483711962475,1.720979287167008,61.613749999999996,33.23875,1.3762440252663892,0.3004251552420024,4.0
2006-01,0.9606249999999998,4.780625000000001,53.784999999999975,50.81799999999999,4.31461733011129,6.71295620067707,7.229382152174344,1.7227665977411033,61.620625000000004,33.211875,1.3962446919730587,0.5963762786655051,4.159999999999998
2006-02,1.3858823529411761,4.8358823529411765,53.963999999999984,51.00199999999999,4.320563380053239,6.7650389767805414,7.244106079658875,1.7298840655099674,61.571176470588235,32.99352941176471,1.4231083342426067,0.19938589145432817,4.29
2006-03,1.6041176470588234,4.8358823529411765,54.20799999999998,51.22199999999999,4.322555253869329,6.853299093186078,7.223725929806865,1.7191887763932194,61.578235294117654,32.96294117647058,1.4469189829363254,0.5916610286411668,4.490000000000001
2006-04,1.7388888888888885,4.879444444444445,54.55600000000001,51.606,4.328454429751683,6.826545223556594,7.2149458178219605,1.6974487897568133,61.76888888888888,32.74444444444445,1.4516138272405326,0.09890935946299179,4.590000000000002
2006-05,1.7805555555555554,4.879444444444445,55.038000000000004,51.89700000000002,4.32944303451555,6.736966958001855,7.258221991671173,1.690095815451555,61.76777777777777,32.693333333333335,1.4655675420143983,0.19498827435376678,4.790000000000002
2006-06,1.758333333333333,4.879444444444445,55.600000000000016,52.082,4.331391018705301,6.651571873589727,7.183643071551207,1.6882490928583898,61.76944444444445,32.62555555555555,1.472472057360943,-0.19460880999342012,4.9399999999999995
2006-07,1.4421052631578943,4.906842105263159,55.86599999999999,52.14099999999999,4.32944303451555,6.694562058521095,7.166381797541678,1.7011051009599245,61.96578947368422,32.43578947368421,1.4973884086254774,0.39129403704776844,4.989999999999999
2006-08,1.4326315789473683,4.906842105263159,55.986,52.17100000000003,4.333348339246909,6.710523109452428,7.168441212763347,1.7561322915849042,61.966315789473676,32.376315789473686,1.5325568680981425,0.5853095184976153,5.239999999999999
2006-09,1.5479999999999996,4.9125000000000005,56.12099999999999,52.27300000000002,4.339184371618071,6.694562058521095,7.209887444146602,1.7681496035889213,61.979000000000006,32.298500000000004,1.5432981099295555,0.2909517907234641,5.25
2006-10,1.7549999999999997,4.9125000000000005,56.39200000000003,52.71399999999998,4.34208966507018,6.645090969505644,7.223594686642259,1.7526720805200078,61.98100000000001,32.242000000000004,1.534714366238164,-0.4839465056980797,5.25
2006-11,2.5505000000000004,4.9125000000000005,57.15099999999999,53.263999999999996,4.3372384518837475,6.679599185844383,7.2185799829361805,1.7387102481382393,61.96999999999999,32.162499999999994,1.519513204906113,-0.48499267935577695,5.25
2006-12,2.1490476190476193,4.920952380952381,58.924999999999976,53.80399999999999,4.332376726030061,6.647688373563329,7.26697398481351,1.7387102481382393,62.01952380952381,32.09095238095238,1.526056303495049,0.29293924466338134,5.25
2007-01,1.5509523809523809,4.920952380952381,60.023999999999994,54.11,4.335301836167646,6.669498089857879,7.268543750752408,1.7715567619105352,62.016190476190474,32.058571428571426,1.5602476682433288,0.1938492167443759,5.239999999999999
2007-02,1.386818181818182,4.9322727272727285,60.548,54.342999999999996,4.3372384518837475,6.748759547491679,7.215409082078379,1.809926773183504,61.905909090909084,32.04363636363636,1.593308530504217,0.6810813637314381,5.25
2007-03,1.3027272727272727,4.9322727272727285,60.76800000000002,54.50500000000002,4.344026176706318,6.752270376141742,7.256537154451529,1.8213182714696,61.89954545454545,32.02772727272727,1.5993875765805994,0.5803913421712127,5.260000000000002
2007-04,1.3408695652173912,4.946956521739131,60.880000000000024,54.727,4.349813312309229,6.725033642166843,7.281075911541511,1.8245492920510462,61.6604347826087,32.05130434782608,1.5973653311998308,0.3834039037488345,5.260000000000002
2007-05,1.3282608695652176,4.946956521739131,60.95900000000004,54.92100000000003,4.353640020151798,6.70196036600254,7.3409911840356585,1.8131947499481198,61.65434782608696,32.03608695652174,1.5993875765805994,0.09644937693702854,5.25
2007-06,1.2195652173913045,4.946956521739131,60.97900000000002,54.95399999999997,4.35460404909591,6.650279048587422,7.438918680943166,1.8196988379172965,61.64913043478261,32.017391304347825,1.6174060820832779,0.0,5.25
2007-07,1.1695833333333334,4.978333333333334,61.061999999999976,54.961999999999996,4.35460404909591,6.651571873589727,7.463707220364237,1.8131947499481198,61.54999999999998,32.05458333333333,1.6154199841116479,0.38285626188396366,5.25
2007-08,1.1012,5.000000000000001,61.221,55.012999999999984,4.358425301421555,6.675823221634848,7.566968148709136,1.830980182381336,61.4204,32.193999999999996,1.6193882432872682,0.09470908951288562,5.260000000000002
2007-09,0.861153846153846,5.028076923076924,61.336000000000006,55.08099999999999,4.359371944109076,6.633318433280377,7.53542483091441,1.8531680973566982,61.20384615384615,32.348461538461535,1.650579855765275,0.5715527823240621,5.019999999999997
2007-10,1.2688888888888887,5.05888888888889,61.49800000000003,55.24700000000001,4.365071200274468,6.583409222158765,7.573777892145425,1.8748743759385618,61.08592592592592,32.52555555555555,1.675225652972104,0.1881634988239732,4.939999999999999
2007-11,1.1896296296296296,5.05888888888889,61.65599999999996,55.37599999999998,4.366951067205138,6.588926477533519,7.632812863531595,1.8794650496471608,61.081851851851845,32.51814814814815,1.675225652972104,0.0,4.760000000000002
2007-12,1.0314814814814817,5.05888888888889,61.82300000000003,55.453999999999965,4.366951067205138,6.591673732008658,7.552762084214147,1.8855533485144162,61.07666666666666,32.5125925925926,1.6919391339458447,0.3781581919470093,4.489999999999998
2008-01,0.9433333333333332,5.05888888888889,61.91000000000002,55.49099999999999,4.3707255169187285,6.595780513961311,7.548097496843713,1.9242486522741333,61.081851851851845,32.52111111111111,1.7457155307266483,0.46902061920834737,4.239999999999998
2008-02,1.0733333333333335,5.05888888888889,62.07999999999998,55.577,4.375404758364994,6.647688373563329,7.39306615229502,1.9572739077056287,61.0774074074074,32.5237037037037,1.7595805708638201,0.3762331387155307,3.9399999999999986
2008-03,1.2039999999999997,5.119666666666668,62.27099999999997,55.73199999999998,4.379160029885581,6.697034247666484,7.445195569447518,1.9050881545350582,60.678999999999995,33.2,1.6639260977181702,0.932669767208634,2.98
2008-04,1.245806451612903,5.141935483870969,62.74600000000003,56.090999999999966,4.3884435024699595,6.688354713946762,7.44072783882744,1.90210752639692,60.55451612903226,33.38548387096775,1.6582280766035324,0.555176054151404,2.61
2008-05,1.4496969696969693,5.194242424242425,63.29400000000004,56.41499999999998,4.39397990879134,6.661854740545311,7.509592767106916,1.9169226121820615,60.2778787878788,33.76757575757576,1.6826883741736927,0.8250784318569114,2.2800000000000007
2008-06,1.3997058823529411,5.236764705882353,63.67900000000003,56.576000000000015,4.402196841463265,6.618738983517219,7.524032214283883,1.9154509415706045,60.22617647058824,34.08323529411765,1.6789639750827114,0.6382457429866478,1.9799999999999989
2008-07,1.3961764705882356,5.236764705882353,64.06400000000001,56.758000000000024,4.408559017263722,6.628041376179533,7.4235206819245345,1.912501086924184,60.217941176470596,34.07529411764706,1.6789639750827114,0.7254932989251547,2.0
2008-08,1.0888235294117647,5.236764705882353,64.31400000000001,56.88200000000001,4.415787759823552,6.633318433280377,7.374422097261176,1.9344157696295774,60.20882352941177,34.073235294117644,1.7083778602890043,-0.1800669510677135,2.009999999999999
2008-09,0.953235294117647,5.236764705882353,64.442,56.97299999999997,4.413985467158731,6.6293632534374485,7.295897881747552,1.968509980972554,60.202941176470574,34.068823529411766,1.7526720805200087,0.09080123005399987,2.0
2008-10,0.8705882352941177,5.236764705882353,64.59099999999995,57.183999999999976,4.414893067465479,6.577861357721047,7.277980008551284,1.9810014688665833,60.19764705882352,34.07235294117646,1.7561322915849038,-0.09071885621666413,1.8100000000000007
2008-11,0.672352941176471,5.236764705882353,64.55699999999999,57.258000000000024,4.413985467158731,6.5998704992128365,7.014868258178336,2.025513199654281,60.19411764705882,34.071470588235286,1.7967470107390942,-0.2699823240272148,0.9699999999999995
2008-12,0.6129411764705882,5.236764705882353,64.29700000000001,57.066000000000024,4.411281992822671,6.61338421837956,6.981070794367777,2.0041790571792886,60.19411764705881,34.067647058823525,1.7263316639056001,0.0,0.3900000000000001
2009-01,0.803529411764706,5.236764705882353,63.83300000000003,56.423999999999985,4.411281992822671,6.664409020350408,7.025067092519705,1.9183921201614211,60.198823529411754,34.07529411764706,1.543298109929556,0.09104704097117185,0.16000000000000006
2009-02,1.318529411764706,5.236764705882353,63.47900000000001,55.89300000000002,4.412192049005608,6.736966958001855,7.057992597303241,1.7281094421515988,60.196470588235286,34.08529411764705,1.1693813595563167,0.7216494845360808,0.15000000000000005
2009-03,1.5874999999999997,5.104444444444445,63.31999999999999,55.769,4.419382629550962,6.814542897259958,6.968878599956884,1.6826883741736927,59.69194444444443,33.25916666666666,0.993251773010284,0.7164790174002035,0.21999999999999995
2009-04,1.8397368421052627,4.973157894736842,63.209000000000024,55.816000000000024,4.426521874560432,6.856461984594587,7.0952799427742725,1.691939133945845,59.43789473684209,33.53736842105263,0.8960880245566363,0.2654232424677118,0.17999999999999994
2009-05,1.7602631578947365,4.973157894736842,63.247,55.91100000000004,4.429172590730825,6.831953565565855,7.2220987563874095,1.6677068205580767,59.431578947368415,33.5178947368421,0.8837675401685956,0.0,0.15000000000000008
2009-06,1.9030769230769227,4.845641025641026,63.31500000000004,56.025000000000034,4.429172590730825,6.82001636467413,7.241287483656101,1.6582280766035324,59.320000000000014,32.63333333333334,0.8796267475025628,-0.08824020414490232,0.17999999999999994
2009-07,2.0497500000000004,4.86225,63.43800000000005,56.17499999999998,4.42828979914352,6.849066282633458,7.23710938456896,1.6582280766035324,59.24649999999999,32.88550000000001,0.8796267475025628,0.3556595216498803,0.21
2009-08,1.8505000000000003,4.86225,63.61100000000001,56.366,4.431840084631592,6.814542897259958,7.3507024101103555,1.6658182458702078,59.23350000000001,32.868750000000006,0.8796267475025628,0.3543990676212468,0.1600000000000001
2009-09,1.732619047619048,4.855714285714286,63.81199999999994,56.63699999999998,4.435377810170876,6.786716950605081,7.372652140859713,1.6956156086751522,58.962857142857125,33.18976190476191,0.908258560176891,0.08887940841866095,0.1600000000000001
2009-10,1.7069767441860466,4.872790697674419,64.26800000000001,57.443999999999974,4.43626620951148,6.695798917058491,7.422457379494048,1.7526720805200087,58.956744186046485,33.17,0.9707789171582248,-0.26521744278289294,0.1500000000000001
2009-11,1.4097777777777778,4.904444444444445,64.51200000000001,57.858999999999966,4.433610511838168,6.666956792429207,7.365616739552212,1.7749523509116745,58.7611111111111,33.42577777777778,1.0260415958332751,0.1768860924793741,0.12000000000000009
2009-12,1.5065957446808511,4.808936170212766,64.67599999999996,58.18600000000001,4.435377810170876,6.698268054115413,7.349616602281592,1.7698546338400056,58.64957446808511,33.55595744680851,1.0260415958332751,0.35314751611680123,0.12000000000000009
2010-01,1.2939583333333333,4.821041666666666,64.76800000000001,58.33599999999995,4.438903064315578,6.710523109452428,7.428196524126982,1.774952350911674,58.61270833333333,33.61645833333333,1.0367368849500211,0.7900144068397026,0.12000000000000009
2010-02,1.490612244897959,4.830612244897958,64.85100000000007,58.507999999999974,4.446772165633442,6.99117688712121,7.379276506093479,1.771556761910535,58.511020408163276,33.73326530612244,1.057790294147854,0.20152077890123957,0.11000000000000004
2010-03,1.8878,4.832799999999999,65.03999999999998,58.87199999999997,4.448785345615082,6.98100574072173,7.374365657659375,1.749199854809259,58.46659999999999,33.794,1.057790294147854,0.20228476550168023,0.12999999999999992
2010-04,2.159607843137255,4.835490196078431,65.20100000000001,59.27100000000004,4.450806150068707,6.878326468291325,7.43416877808978,1.6992786164338902,58.380784313725506,33.85549019607843,1.0402767116551463,0.4025858849887964,0.16000000000000006
2010-05,2.2611764705882353,4.835490196078431,65.32700000000008,59.64300000000002,4.454823926833152,6.81783057145415,7.462536542270271,1.623340817603091,58.37901960784313,33.81647058823529,0.9202827531436931,0.10111458490719911,0.19999999999999993
2010-06,2.4392452830188684,4.74754716981132,65.35800000000005,59.885999999999974,4.455834561818602,6.659293919683638,7.403213425617006,1.5644405465033646,58.269433962264145,33.81981132075472,0.8960880245566364,-0.10101244659112397,0.19999999999999993
2010-07,3.1663636363636356,4.755454545454545,65.36499999999991,60.12300000000004,4.454823926833152,6.748759547491679,7.437377141452205,1.5303947050936482,58.157636363636364,33.93018181818182,0.8960880245566364,0.20106693320626395,0.17999999999999988
2010-08,2.323050847457627,4.589661016949152,65.30299999999991,60.28200000000004,4.456832577475124,6.805722553416985,7.472688333736299,1.547562508716012,58.153559322033885,32.80186440677966,0.9477893989335261,0.5022386155380872,0.17999999999999988
2010-09,2.1104918032786886,4.5611475409836055,65.27100000000007,60.49899999999992,4.461842393519557,6.705639094860003,7.463219604366508,1.5706970841176702,58.009999999999984,32.91262295081968,0.9669838461896723,0.7963345528408331,0.18999999999999997
2010-10,2.564838709677419,4.556774193548387,65.33300000000006,60.88700000000005,4.469774198944479,6.738152494595957,7.5351952557609065,1.5686159179138466,57.9783870967742,32.91080645161291,0.9783261227936068,0.0,0.18999999999999997
2010-11,3.2051562499999995,4.53453125,65.46900000000004,61.396999999999956,4.469774198944479,6.710523109452428,7.5405949749323264,1.556037135706986,57.81218749999999,33.04765625000001,0.9783261227936068,-0.4934907313051717,0.18999999999999997
2010-12,2.8986363636363635,4.531212121212121,65.721,62.03600000000005,4.46482707476703,6.591673732008658,7.552043042974759,1.536867219599265,57.867272727272756,33.01166666666666,1.0043016091968677,0.3969806457551821,0.18999999999999995
2011-01,2.4947826086956533,4.399275362318841,65.991,62.492000000000075,4.468789022334909,6.727431724850855,7.62608275807238,1.5411590716808055,57.9108695652174,33.00478260869566,1.0296194171811592,1.1885250598846915,0.17999999999999985
2011-02,2.4916901408450696,4.409718309859154,66.3000000000001,63.02599999999993,4.480604198034874,6.790097235513905,7.6351734429694496,1.5686159179138466,57.95816901408452,33.0874647887324,1.0750024230289774,0.6841246828561065,0.16999999999999996
2011-03,3.017916666666667,4.410694444444444,66.82999999999996,64.04599999999996,4.487422149719221,6.893656354602635,7.5700823622021955,1.581038437912404,57.9198611111111,33.15513888888888,1.141033004552061,0.38923637672681816,0.1600000000000001
2011-04,2.7627999999999986,4.343733333333333,67.48199999999999,65.16400000000006,4.491306957838517,6.921658184151129,7.652878021132424,1.587192303486779,57.81933333333334,33.263466666666645,1.208960345836974,0.09749209977812519,0.14
2011-05,2.7664935064935063,4.344285714285714,68.03699999999998,65.94700000000009,4.492281403909472,6.81783057145415,7.6927338681596895,1.5851452198650553,57.874675324675316,33.28194805194805,1.2237754316221168,0.1925552756786981,0.09999999999999985
2011-06,2.4866666666666664,4.343461538461538,68.51100000000008,66.4920000000001,4.494205105165945,6.683360945766275,7.66971464804018,1.5892352051165801,57.883589743589766,33.26397435897435,1.2412685890696333,0.19330256880119068,0.08999999999999991
2011-07,2.3427500000000014,4.342,68.84799999999997,66.92600000000004,4.4961362649639565,6.710523109452428,7.650021141172316,1.583093937094499,57.96312500000001,33.291875000000005,1.2612978709452052,0.4817664770826391,0.08999999999999991
2011-08,2.179012345679013,4.338765432098764,69.12899999999993,67.45700000000002,4.500942361926198,6.71174039505618,7.665383166508446,1.58923520511658,57.997160493827174,33.30938271604939,1.2781522025001875,0.6714612328250096,0.07000000000000003
2011-09,2.2639759036144578,4.330361445783131,69.47000000000001,68.18900000000004,4.50763453165133,6.620073206530356,7.539085564750612,1.6034198401085393,57.93698795180721,33.509518072289126,1.2781522025001872,-0.09591321507710425,0.09999999999999984
2011-10,2.406117647058824,4.277176470588234,69.84799999999997,69.13500000000015,4.506674939238991,6.606650186198215,7.478537065901725,1.6094379124341003,57.98647058823532,33.48352941176469,1.2753628004126096,-0.18980357536968773,0.08000000000000004
2011-11,2.4312222222222215,4.259777777777776,70.12600000000013,69.75799999999988,4.504775099932936,6.584791392385716,7.554350538636316,1.6114359150967723,58.08277777777773,33.71300000000002,1.2753628004126096,0.0950822572085759,0.07000000000000005
2011-12,2.6068539325842686,4.302696629213482,70.40300000000002,70.1199999999999,4.505725470759568,6.573680166960646,7.5215940655276,1.6114359150967723,58.08483146067419,33.74033707865168,1.2697605448639395,0.38107230432765504,0.08000000000000006
2012-01,1.7375824175824182,4.257472527472526,70.52099999999996,70.18099999999988,4.509528951391174,6.6052979209482015,7.509740663284069,1.5993875765805974,58.19428571428575,33.644395604395605,1.266947603487326,0.3994322120621919,0.07000000000000006
2012-02,2.45531914893617,4.206170212765956,70.63100000000009,70.35499999999985,4.5135153173863785,6.697034247666484,7.578549482867865,1.6213664832993744,58.16148936170216,33.79510638297872,1.266947603487326,0.37921132811642616,0.08000000000000006
2012-03,2.715104166666666,4.159999999999999,70.74899999999987,70.61899999999991,4.51730025873145,6.826545223556594,7.61591421716252,1.6134299337036364,58.179062500000036,33.818854166666654,1.2612978709452038,0.028387998427752987,0.09999999999999981
2012-04,2.7193877551020407,4.155408163265305,70.85599999999984,70.95100000000001,4.5175840984294275,6.796823718274855,7.607897934054469,1.6094379124341003,58.27561224489794,33.849387755102036,1.264126727145684,-0.009823826052786984,0.13000000000000023
2012-05,3.0030693069306897,4.144356435643563,70.93199999999986,71.24700000000009,4.517485855343205,6.76849321164863,7.591856669468526,1.5973653311998308,58.246534653465346,33.95504950495048,1.2641267271456842,0.17902952895584445,0.14000000000000018
2012-06,2.770648148148149,3.9795370370370358,70.96699999999989,71.37600000000015,4.519274549964318,6.674561391814426,7.519404944148784,1.5789787049493935,58.21027777777777,33.91370370370372,1.2641267271456842,-0.14166003770337451,0.16000000000000011
2012-07,2.8433035714285713,3.965714285714284,70.94099999999986,71.4620000000002,4.517856945260369,6.692083742506628,7.525106139854513,1.5602476682433275,58.22892857142854,33.99473214285714,1.2641267271456846,-0.22588635842817337,0.16000000000000011
2012-08,3.4805172413793097,3.9397413793103433,70.86099999999992,71.55699999999985,4.515595526595297,6.655440350367647,7.540085006634927,1.534714366238162,58.19724137931036,34.07577586206896,1.205970806988607,0.46263890104121186,0.16000000000000011
2012-09,3.2031147540983596,3.7935245901639334,70.78999999999998,71.63000000000008,4.520211246760898,6.60934924316738,7.552300277702863,1.4838746894587571,58.359918032786894,34.24024590163935,1.1600209167967526,0.7152577431821874,0.1300000000000003
2012-10,3.819840000000001,3.7775199999999995,70.68300000000005,71.86800000000018,4.527338365833937,6.601230118728877,7.599005661758022,1.4562867329399274,58.353680000000004,34.29047999999999,1.144222799920159,-0.18700276720858,0.14000000000000024
2012-11,4.41718518518519,3.6097037037037034,70.60299999999998,72.22799999999997,4.525466587477209,6.55250788703459,7.555936473872118,1.4422019930581884,58.26888888888889,34.302148148148156,1.0750024230289779,-0.35521285697267946,0.16000000000000011
2012-12,3.796985294117645,3.6069852941176466,70.55000000000001,72.50499999999994,4.521908135119084,6.54965074223381,7.566776744812705,1.4327007339340472,58.28705882352943,34.31985294117648,1.047318994280561,0.17823955831368118,0.16000000000000011
2013-01,3.3689928057553966,3.584460431654675,70.50100000000015,72.65400000000027,4.523688944120206,6.577861357721047,7.599426370658713,1.4255150742731737,58.37287769784174,34.32453237410071,1.0577902941478534,0.5999457553566567,0.16000000000000011
2013-02,0.03749999999999995,3.579305555555555,70.46200000000012,72.81999999999985,4.529670476586441,6.673297967767654,7.581689058617944,1.4279160358107101,58.38520833333334,34.36145833333333,1.0508216248317643,0.3343111034423293,0.1400000000000003
2013-03,4.1422,3.456333333333333,70.42100000000013,73.01699999999988,4.5330080118486675,6.806829360392176,7.6140605114398525,1.40118297361364,58.38153333333333,34.461733333333335,1.0402767116551452,-0.09243534899718193,0.1499999999999998
2013-04,4.3770322580645145,3.420645161290322,70.38899999999988,73.33700000000005,4.532083230880558,6.74993119378857,7.60334447539276,1.378766094699103,58.45083870967741,34.387741935483874,1.0331844833456552,-0.1387813064807695,0.14000000000000032
2013-05,4.277770700636942,3.413057324840764,70.39099999999979,73.6029999999998,4.530694453911288,6.695798917058491,7.582713030341875,1.3506671834767423,58.563885350318465,34.27707006369428,1.0296194171811608,0.0,0.14999999999999972
2013-06,4.527924528301889,3.410691823899371,70.38099999999994,73.741,4.530694453911288,6.659293919683638,7.601427321777795,1.3270750014599173,58.63779874213835,34.19918238993708,1.0006318803079097,-0.12173706947631431,0.10999999999999976
2013-07,3.486951219512195,3.392682926829268,70.35299999999981,73.90699999999984,4.529476341618887,6.670766320845874,7.530115121820374,1.3164082336557263,58.684207317073145,34.10402439024391,0.989541193613747,0.21464782655593972,0.08999999999999989
2013-08,2.9807185628742516,3.3953293413173653,70.35100000000007,74.17900000000007,4.5316205194912165,6.70073110954781,7.556966245871258,1.327075001459917,58.733892215568915,34.03257485029941,0.9858167945227675,0.3541099355283062,0.08999999999999989
2013-09,2.3235882352941184,3.376470588235294,70.32300000000019,74.59799999999997,4.535155363916049,6.643789733147672,7.563387490779319,1.3350010667323395,58.73182352941184,34.009,0.9783261227936111,0.19412685814796313,0.08000000000000006
2013-10,2.947017543859649,3.3756140350877186,70.36000000000008,75.20000000000019,4.537094750670705,6.5638555265321274,7.599381303170145,1.3402504226184855,58.830643274853806,33.88257309941521,0.9783261227936113,-0.3050771256382491,0.08000000000000006
2013-11,2.7767816091954045,3.358620689655172,70.50300000000011,75.87199999999984,4.534039316325266,6.561030665896573,7.615835406028438,1.337629189138607,58.8839655172414,33.812126436781604,0.9783261227936113,-0.01932699121695691,0.08999999999999989
2013-12,2.723620689655173,3.358620689655172,70.62600000000016,76.36299999999983,4.533846027734061,6.52795791762255,7.623089496774111,1.327075001459917,58.9122988505747,33.79965517241377,0.9745596399981278,0.1213540100519773,0.08000000000000006
2014-01,2.285056179775282,3.3437078651685384,70.76200000000013,76.80500000000018,4.535058832089967,6.621405651764134,7.606556445596284,1.3190856114264422,58.97533707865171,33.732921348314626,0.9745596399981278,0.5373864355511738,0.08999999999999989
2014-02,2.620446927374302,3.3443575418994405,70.8420000000001,77.12299999999972,4.540418308758391,6.705639094860003,7.57103585993579,1.3217558399823195,59.0435754189944,33.7104469273743,0.9745596399981277,0.26672356769444144,0.07000000000000017
2014-03,2.76587912087912,3.327307692307692,70.95700000000019,77.49200000000016,4.543081993674666,6.943122422819428,7.5908470731707745,1.311031876619344,59.09208791208793,33.64747252747251,0.9745596399981277,0.1840817195147928,0.07000000000000017
2014-04,2.962677595628417,3.3279781420765024,71.1569999999998,77.90099999999987,4.5449211186422485,6.881411303642535,7.593681450698736,1.305626458052439,59.12306010928957,33.6072131147541,0.9745596399981277,0.06478816394590996,0.08000000000000006
2014-05,2.6275000000000004,3.3277717391304344,71.30400000000007,78.17499999999976,4.545568790497002,6.913737350659685,7.581612600757654,1.305626458052439,59.13956521739124,33.5853804347826,0.9745596399981274,0.16451907359840517,0.0899999999999999
2014-06,2.5229729729729726,3.3265945945945945,71.35100000000013,78.28700000000016,4.5472126293892,6.833031732786201,7.598379278997646,1.2892326482767582,59.16545945945946,33.57664864864865,0.9745596399981274,-0.1282200722694898,0.0899999999999999
2014-07,2.776505376344085,3.324354838709677,71.40099999999987,78.42400000000038,4.545929605943815,6.835184586147301,7.602006849478957,1.2753628004126105,59.203118279569885,33.53059139784948,0.9745596399981274,0.14642220524572463,0.09999999999999996
2014-08,4.494148936170212,3.304893617021276,71.46600000000021,78.56400000000019,4.547392757068424,6.794586580876499,7.63825604608343,1.2612978709452007,59.195478723404264,33.476276595744686,0.9745596399981274,0.17481406140741812,0.0899999999999999
2014-09,4.054893617021277,3.2991489361702127,71.56199999999991,78.73999999999982,4.54913937146313,6.7661917146603505,7.634598323398805,1.252762968495368,59.258723404255306,33.32441489361703,0.9242589015233297,-0.06451544669015342,0.0899999999999999
2014-10,4.818263157894736,3.2922105263157895,71.75799999999985,79.01000000000019,4.548494008794534,6.716594773520978,7.610897343858179,1.252762968495368,59.28431578947369,33.261842105263156,0.8544153281560707,-0.30161921896496585,0.0899999999999999
2014-11,5.102864583333331,3.2835416666666664,71.96999999999979,79.26900000000019,4.545473258729965,6.7226297948554485,7.5829574058872025,1.2178757094949262,59.32822916666663,33.167864583333305,0.7929925155296587,-0.20168780850273071,0.0899999999999999
2014-12,4.713435897435896,3.258102564102564,72.116,79.48799999999977,4.5434543440074355,6.68586094706836,7.591245985508774,1.1939224684724339,59.390102564102556,33.164307692307695,0.7608058290337558,-0.009572940488220322,0.0899999999999999
2015-01,4.162233502538076,3.249137055837563,72.24899999999984,79.74400000000021,4.543358610020203,6.756932389247553,7.557780948158318,1.2029723039923539,59.42928934010151,33.16385786802033,0.756121979721332,0.6776163223624005,0.12000000000000008
2015-02,4.212272727272726,3.243686868686868,72.34499999999977,79.95499999999994,4.550111918237887,6.805722553416985,7.575205092354826,1.2059708069886086,59.460808080808086,33.13631313131313,0.756121979721332,-0.05916972200796391,0.1099999999999997
2015-03,5.6400000000000015,3.2332499999999995,72.509,80.22799999999961,4.549520045895923,6.975413927455952,7.59377713459949,1.1755733298042401,59.505400000000016,33.08355,0.7514160886839228,0.009515049636842582,0.1099999999999997
2015-04,9.681871921182262,3.2049753694581278,72.80899999999977,80.70299999999986,4.549615191865771,6.923628628138427,7.621209861378944,1.0885619528146133,59.57261083743839,33.037438423645334,0.6678293725756519,0.03065668738635479,0.1099999999999997
2015-05,6.285463414634145,3.1982439024390237,73.1689999999999,81.19900000000018,4.549921711757613,6.917705609835305,7.662547736783102,1.0331844833456532,59.49297560975609,32.958195121951206,0.5933268452777355,0.28005284015852017,0.12000000000000012
2015-06,6.110238095238091,3.1807619047619045,73.44100000000026,81.53800000000012,4.552718325985664,6.891625897052253,7.656715524361291,1.1184149159642867,59.30619047619047,32.905047619047615,0.5877866649021227,0.02002318474023123,0.12000000000000013
2015-07,5.830330188679244,3.1728301886792445,73.77800000000015,81.97700000000027,4.5529185377893455,6.919683849847411,7.637330816155638,1.101940078760782,59.26981132075473,32.855896226415084,0.5306282510621666,0.18017258637220118,0.1299999999999998
2015-08,5.008604651162793,3.1491627906976736,74.0920000000002,82.39500000000034,4.554718642491996,6.8690144506657065,7.615869886663865,1.0851892683359687,59.33767441860465,32.81846511627905,0.5007752879124873,0.13988220445939725,0.12999999999999978
2015-09,4.175345622119815,3.1397235023041468,74.38099999999977,82.75599999999989,4.556116487096433,6.799055862058796,7.571210998501746,1.0784095813505932,59.354792626728134,32.72907834101382,0.494696241836102,-0.25941835673700087,0.14000000000000037
2015-10,4.370639269406393,3.129223744292237,74.7309999999998,83.21399999999996,4.553518932804096,6.728628613084702,7.582132398965353,1.071583616280189,59.347214611872126,32.60114155251141,0.4700036292457373,0.0,0.1400000000000004
2015-11,3.8823076923076907,3.1206787330316734,74.98400000000026,83.54999999999966,4.553518932804096,6.6895992691789665,7.615529954203692,1.0647107369924242,59.36,32.50742081447965,0.4574248470388753,-0.18954152012298406,0.12000000000000019
2015-12,3.942645739910313,3.1131390134529138,75.30400000000007,83.96399999999996,4.5516217190304165,6.68586094706836,7.5968793777901675,1.1118575154181298,61.675964125560554,32.4599551569507,0.4637340162321373,0.2996223070917574,0.12000000000000019
2016-01,2.9737610619469033,3.0901194690265474,75.44100000000024,84.18100000000018,4.554613462370937,6.728628613084702,7.581367896313519,1.1378330018213922,61.673230088495615,32.428362831858415,0.5128236264286644,0.17040075733670562,0.2400000000000004
2016-02,2.7794298245614018,3.0797894736842095,75.50400000000037,84.34300000000039,4.556316019770572,6.816735880594968,7.555936473872118,1.1314021114911046,61.6807456140351,32.38530701754386,0.5128236264286645,0.42842741935484235,0.3400000000000019
2016-03,3.502401746724892,3.0611135371179024,75.55800000000048,84.5,4.560591142590121,7.050122520269059,7.558339366856363,1.0952733874025975,59.45100436681223,32.33358078602622,0.4946962418361017,-0.2582601421999159,0.3799999999999996
2016-04,3.394415584415584,3.0501731601731588,75.58400000000024,84.625,4.55800520050009,7.01301578963963,7.598825303746879,1.0885619528146138,59.44151515151512,32.29294372294374,0.4885800148186687,0.18869309068798865,0.35999999999999954
2016-05,3.363965517241377,3.0342629310344815,75.61499999999994,84.7180000000004,4.559890353389162,6.947937068614969,7.5979731733695095,1.0750024230289732,59.451077586206864,32.25823275862072,0.47623417899637704,0.059640274973059376,0.37000000000000033
2016-06,3.5039743589743604,3.022841880341879,75.66500000000045,84.81399999999994,4.560486578361451,6.874198495453294,7.592567822752029,1.0612565021243372,59.48042735042737,32.2234188034188,0.45742484703887476,-0.01986824218340606,0.37000000000000033
2016-07,3.975677966101695,3.0100635593220324,75.73400000000026,84.89500000000034,4.560287876199655,6.879355804460439,7.585966470926097,1.0188473201992438,59.490084745762765,32.20351694915255,0.3576744442718196,-0.1882628567842682,0.3799999999999995
2016-08,4.4297899159663885,2.9979957983193266,75.8320000000001,84.9809999999998,4.558403473259308,6.846943139585379,7.6089648707821285,0.978326122793609,59.51865546218491,32.106596638655475,0.30748469974796644,0.257777870922455,0.3900000000000005
2016-09,3.3242083333333325,2.987358333333332,75.92699999999977,85.06100000000012,4.560977935195706,6.855408798609928,7.618079092912704,0.9932517730102844,59.53883333333331,32.083416666666665,0.30010459245033916,0.5957544655455254,0.40000000000000113
2016-10,3.323719008264461,2.9773719008264448,76.03100000000026,85.14500000000035,4.566917803850963,6.8501261661455,7.622482917325407,1.0296194171811566,59.541446280991714,32.04962809917356,0.29266961396281793,0.13714713185866081,0.4000000000000012
2016-11,3.0516326530612248,2.968363265306121,76.21500000000012,85.29599999999982,4.5682883355617685,6.786716950605081,7.604989097849232,1.061256502124337,59.49383673469388,31.970081632653038,0.30010459245033944,-0.14733500036315975,0.40000000000000124
2016-12,2.1648192771084336,2.9571887550200797,76.40699999999963,85.4559999999997,4.566813899110739,6.710523109452428,7.592608156717259,1.1118575154181285,59.49216867469883,31.875863453815267,0.3506568716131695,0.10910564543782916,0.40999999999999776
2017-01,1.8426294820717135,2.950645418326692,76.46299999999981,85.51399999999956,4.567904360795606,6.721425700790643,7.614045707408227,1.1410330045520605,59.50860557768926,31.831952191235043,0.4317824164255411,1.0628801561105297,0.5400000000000024
2017-02,2.068260869565218,2.9448142292490105,76.4809999999998,85.54400000000032,4.578477073731936,6.811244378601294,7.634129283640302,1.1505720275988194,59.52043478260867,31.804505928853764,0.4054651081081644,0.2731959821703729,0.6500000000000031
2017-03,2.239027237354086,2.9253968871595317,76.48899999999995,85.5639999999998,4.581205308534262,7.037027614686276,7.6457037262466265,1.160020916796759,59.56178988326847,31.805719844357974,0.39877611995737133,-0.06862504097018114,0.6599999999999973
2017-04,2.113230769230769,2.9182307692307674,76.50899999999972,85.58299999999981,4.580518822546958,6.981934677156389,7.677969976490938,1.1662709371419269,59.57607692307689,31.720923076923064,0.3920420877760256,-0.1260697996207698,0.7899999999999988
2017-05,2.021946564885495,2.9137671755725174,76.53800000000017,85.59999999999981,4.5792573292024965,7.024649030453636,7.698682314459454,1.166270937141927,59.598473282442754,31.710190839694647,0.35767444427181977,0.10673015742699558,0.9000000000000038
2017-06,2.3729545454545464,2.908454545454544,76.57800000000013,85.62299999999968,4.580324061615385,6.856461984594587,7.761055091564977,1.181727195378614,59.626249999999935,31.664204545454528,0.33647223662121,-0.21323273122425437,0.9099999999999971
2017-07,2.1232209737827685,2.901913857677901,76.71099999999963,85.68000000000022,4.578189457656315,6.9167150203536085,7.779797318574381,1.1693813595563227,59.63951310861422,31.61749063670413,0.32208349916911083,0.1654030286219168,1.039999999999999
2017-08,2.0416666666666674,2.8870851851851835,76.89099999999972,85.74499999999996,4.579842121540946,6.822197390620491,7.78435254597352,1.1878434223960466,59.717444444444475,31.60411111111112,0.3293037471425941,0.5733392137355392,1.1499999999999997
2017-09,1.7205494505494519,2.872358974358973,77.07400000000024,85.79599999999968,4.585559140338982,6.862757913051401,7.767767680217719,1.1878434223960466,59.7805860805861,31.596703296703307,0.3293037471425941,0.1162577250198753,1.1600000000000024
2017-10,1.447272727272728,2.870152727272725,77.13899999999956,85.83199999999971,4.586721042319557,6.796823718274855,7.780917190992541,1.1755733298042403,59.801672727272695,31.591527272727266,0.32208349916911083,-0.0967689361528734,1.149999999999999
2017-11,1.4916606498194949,2.8690072202166044,77.22599999999989,85.87800000000036,4.58575288444441,6.747586526829315,7.83337436614454,1.202972303992357,59.820324909747306,31.562527075812298,0.32208349916911083,-0.744313141715189,1.149999999999999
2017-12,1.4190613718411564,2.857953068592056,77.33199999999982,85.89600000000038,4.578281914702385,6.725033642166843,7.814549057212142,1.2208299213923555,59.836389891696726,31.522202166064975,0.3715635564324781,0.36056581096489904,1.1600000000000028
2018-01,1.3719713261648738,2.8571827956989226,77.41100000000004,85.90599999999999,4.581881088010141,6.767343125265392,7.810956718614518,1.229640551074509,59.86630824372759,31.490215053763436,0.5068176023684575,0.4176134618927713,1.3000000000000067
2018-02,1.3145551601423489,2.8573202846975065,77.55600000000024,85.91999999999949,4.586048526780503,6.811244378601294,7.850282796451277,1.2441545939587735,59.884626334519595,31.462135231316708,0.5068176023684575,0.76345993109495,1.4100000000000068
2018-03,1.4441901408450695,2.846982394366195,77.72300000000041,85.93000000000022,4.59365413002684,6.922643891475888,7.7945595259997775,1.2412685890696364,59.94010563380281,31.468133802816904,0.5007752879124845,-0.10520459258509897,1.4200000000000021
2018-04,1.3107692307692311,2.84158741258741,77.91700000000019,85.92199999999964,4.592601530312238,7.063903961472068,7.8021479897550705,1.2383742310432735,59.951468531468514,31.429405594405594,0.5007752879124844,0.18227663517330772,1.5099999999999942
2018-05,1.1204513888888892,2.8358229166666633,78.04900000000008,85.90399999999977,4.59442263744133,7.011213987350367,7.830179164559741,1.2441545939587737,59.98586805555553,31.414027777777765,0.5007752879124842,0.04851866452376055,1.689999999999998
2018-06,1.2068728522336771,2.8350618556700997,78.12700000000032,85.85699999999999,4.594907706421578,6.982862751468942,7.7927658479231585,1.2499017362143379,60.01096219931271,31.370756013745677,0.5007752879124842,-0.20206306388224102,1.6999999999999922
2018-07,1.2345205479452055,2.8261301369862983,78.20300000000027,85.8080000000006,4.592885031554449,6.895682697747868,7.751961221456638,1.2412685890696367,60.02345890410958,31.399828767123257,0.500775287912484,-0.19133621518743218,1.819999999999996
2018-08,1.2494501718213058,2.815670103092781,78.29300000000025,85.77300000000014,4.590969836586951,6.90875477931522,7.738601405838197,1.2354714713853145,60.03470790378007,31.418900343642598,0.500775287912484,0.8844710416877944,1.9100000000000075
2018-09,1.059560810810811,2.8087128378378354,78.45999999999945,85.76199999999976,4.5997756616707814,6.9975959829819265,7.750563074096477,1.2119409739751164,60.0488513513513,31.39449324324325,0.500775287912484,0.7631055076310534,1.9100000000000077
2018-10,1.2309364548494965,2.7972775919732418,79.23199999999999,85.90299999999955,4.607377747530096,6.887552571664617,7.759217314288566,1.1908875647772768,60.082040133779294,31.368929765886286,0.5007752879124839,-0.1796030771993956,1.9499999999999982
2018-11,1.2433887043189373,2.7947774086378714,79.67699999999975,85.98900000000032,4.605580101961061,6.836259277277067,7.615638351014963,1.196948189388964,60.104119601328925,31.300830564784057,0.5187937934151711,-0.7107086094701172,2.1900000000000106
2018-12,1.0233223684210513,2.789194078947366,79.79899999999999,86.0190000000002,4.598447640227272,6.767343125265392,7.64819626663222,1.1878434223960463,60.13378289473684,31.270460526315794,0.5364933705145635,-0.34430685593476096,2.200000000000004
2019-01,1.0420521172638433,2.7762280130293133,79.86100000000049,86.00999999999952,4.594998630666599,6.80128303447162,7.6212147608539595,1.160020916796761,60.16462540716613,31.259706840390866,0.6471032420585416,-0.10506323998868444,2.2699999999999902
2019-02,0.9223300970873777,2.7721488673139136,79.87700000000032,85.97999999999963,4.593947445965602,6.90975328164481,7.6984147583561,1.1378330018213922,60.19126213592237,31.25064724919095,0.6259384308664974,0.43181910116905425,2.3999999999999866
2019-03,1.0622186495176846,2.7681221864951744,79.82400000000028,85.84400000000011,4.598256340343984,7.002155954403621,7.694137761001597,1.1249295969854882,60.22163987138266,31.240546623794227,0.6259384308664974,-0.1913181822758929,2.3999999999999866
2019-04,1.1014743589743579,2.756179487179485,79.74000000000042,85.70200000000028,4.596341326051265,7.0317412587631285,7.668874143127446,1.1118575154181265,60.274294871794844,31.224871794871778,0.641853886172389,0.3631924617386805,2.4099999999999975
2019-05,1.041309904153355,2.7431565495207644,79.63000000000011,85.56399999999955,4.5999666711564915,7.078341579557671,7.697843127559585,1.091923300517317,60.294824281150134,31.20057507987222,0.6365768290715456,0.17189212010334345,2.4199999999999906
2019-06,1.0630476190476197,2.7362952380952357,79.57700000000021,85.48700000000015,4.601684116703251,6.9865664594064265,7.621557664467113,1.0750024230289694,60.327841269841365,31.17212698412697,0.6097655716208908,-0.16156223658331248,2.389999999999989
2019-07,1.4969936708860756,2.732462025316453,79.50800000000045,85.40100000000058,4.600067187812197,6.976348070447749,7.664168296160166,1.0079579203999816,60.36693037974686,31.12911392405065,0.5877866649021206,-0.3055552763566568,2.3799999999999963
2019-08,1.5820125786163517,2.7238773584905633,79.50200000000032,85.34600000000033,4.597006957316148,6.952728644624869,7.6131027326234015,0.9707789171582205,60.41251572327043,31.08732704402513,0.5187937934151698,0.2399508000040328,2.399999999999986
2019-09,1.6843437500000014,2.717421874999997,79.54599999999958,85.34200000000034,4.59940359109375,6.705639094860003,7.584666364601494,0.9042181506398931,60.46009375000001,31.03721875,0.3987761199573718,0.3711340206185556,2.1299999999999963
2019-10,2.112577639751556,2.711717391304345,79.58899999999996,85.33099999999939,4.603108061269651,6.7357800142423265,7.631940749326268,0.9202827531436896,60.461925465838526,30.969037267080736,0.43178241642554327,0.24750987033288574,2.039999999999999
2019-11,2.167576687116564,2.6964969325153345,79.66400000000043,85.3780000000004,4.605580101961062,6.716594773520978,7.641794851584369,0.9162907318741551,60.47858895705524,30.893773006134968,0.37843643572023955,-0.5597704940974213,1.830000000000001
2019-12,1.8405792682926834,2.6678749999999973,79.77600000000054,85.44199999999937,4.5999666711564915,6.716594773520978,7.643942791730907,0.8960880245566403,60.46740853658534,30.79472560975611,0.4187103348581808,0.23924166423739188,1.5500000000000078
2020-01,1.7011480362537763,2.66029607250755,80.05400000000007,85.57600000000014,4.602356230526459,6.705639094860003,7.695152987204243,0.8960880245566404,60.47425981873116,30.724199395770416,0.4252677354043357,0.3720454477080715,1.5500000000000078
2020-02,1.742694610778443,2.651676646706584,80.33699999999975,85.71700000000034,4.606069781230929,6.8001700683022,7.658704277464341,0.9202827531436896,60.48724550898204,30.66,0.3852624007906534,0.0699370566490093,1.5500000000000078
2020-03,1.888482142857144,2.6446904761904735,80.63399999999929,85.8689999999996,4.606768907351788,6.915723448631314,7.5943862752517886,0.9242589015233276,60.478928571428554,30.623482142857142,0.35065687161317244,-0.2196485623003198,1.579999999999996
2020-04,1.7242941176470592,2.633602941176468,81.08399999999976,86.0190000000002,4.604570005916054,6.967909201801884,7.4700189866531765,0.9082585601768953,60.488264705882436,30.503823529411758,0.20701416938432954,-0.44026415849509637,0.6500000000000037
2020-05,1.8281159420289859,2.619942028985505,81.27000000000037,86.08599999999954,4.600157644164547,6.970730078143525,7.5743325859994695,0.9477893989335316,60.48678260869563,30.40571014492756,0.09531017980432897,-0.060301507537690896,0.050000000000000315
2020-06,1.812808022922636,2.609074498567333,81.38200000000043,86.13999999999962,4.599554447202451,7.071573364211532,7.615594008285066,0.9242589015233276,60.49641833810886,30.28424068767907,0.019802627296177988,0.27152051488334433,0.05000000000000032
2020-07,1.914216524216524,2.5826780626780605,81.77600000000062,86.37399999999981,4.602265972840695,7.045776576879511,7.653651443898689,0.9122827104766192,60.47660968660974,30.17267806267807,-0.23572233352107125,-0.08023267475679317,0.07999999999999931
2020-08,1.7881073446327702,2.573601694915252,82.49499999999976,86.75200000000035,4.601463324056766,6.967909201801884,7.718405455991145,0.8960880245566413,60.488531073446296,30.150593220338976,-0.23572233352107108,0.5620796948710235,0.08999999999999987
2020-09,1.7805915492957738,2.548825352112674,83.13699999999962,87.20699999999943,4.607068383271168,6.706862336602747,7.751978417252269,0.8712933659434146,60.48504225352105,30.064338028169,-0.3856624808119774,0.548956981734704,0.10000000000000066
2020-10,1.5826815642458099,2.5407653631284894,83.79799999999963,87.96199999999972,4.6125429403175096,6.860663671448287,7.7527175568758695,0.8919980393051192,60.48597765363128,30.03142458100558,-0.4620354595965633,-0.5558864403414602,0.08999999999999987
2020-11,1.531523545706372,2.533404432132962,84.35900000000032,88.68899999999937,4.606968567929473,6.88653164253051,7.726278815058799,0.9042181506398934,60.50468144044324,29.986288088642677,-0.4620354595965633,-0.08983829107606658,0.0899999999999999
2020-12,1.4997245179063363,2.5289118457300255,85.56799999999953,90.18100000000032,4.606069781230925,6.827629234502852,7.859930395418904,0.9400072584914619,60.51848484848479,29.955867768595034,-0.41551544396167034,0.23978419422519331,0.08999999999999993
2021-01,1.5207671232876723,2.5243589041095875,86.7350000000004,91.17599999999966,4.608464752937531,6.849066282633458,7.963275637663604,0.9516578757114496,60.53484931506855,29.966602739726017,-0.41551544396167034,0.7076647064686555,0.08999999999999994
2021-02,1.4224523160762945,2.5204359673024506,87.76699999999984,91.93400000000042,4.615516478042243,7.046647277848756,7.998405957979548,0.9669838461896716,60.534795640327,29.95752043596728,-0.3856624808119774,0.534441805225642,0.08999999999999997
2021-03,1.4911111111111106,2.5178238482384807,88.96199999999972,92.62700000000035,4.620846665373108,7.0707241072602764,8.010674944236543,0.9783261227936042,60.54333333333333,29.940216802168027,-0.31471074483970496,0.2559558968300886,0.07999999999999925
2021-06,1.3438137931034495,2.5099946949602105,90.13499999999934,93.27300000000038,4.623402954249148,7.029087564149662,8.026634139595048,1.0043016091968728,60.4957824933687,29.88082228116711,-0.2876820724517809,0.0,0.07000000000000023
2021-07,1.2199709762532978,2.5079498680738768,93.16900000000084,95.20200000000018,4.625462889255854,6.928537818164665,8.100671180429854,1.0079579203999816,60.49427440633248,29.856596306068607,-0.41551544396167034,0.20578147966683843,0.07999999999999922
2021-08,1.323473821989529,2.4990445026177994,94.25600000000055,96.0529999999999,4.62751858965185,6.756932389247553,8.071630826102272,1.0331844833456447,60.46445026178011,29.8694502617801,-0.3710636813908346,0.47917074124779707,0.10000000000000071
2021-09,1.1807764397905764,2.4861413612565424,95.66600000000007,97.04000000000066,4.632298853376344,6.559615237493242,8.070677937763357,1.0577902941478559,60.47034031413615,29.86301047120421,-0.26136476413440546,0.40875912408759457,0.09000000000000012
2021-10,1.0826015789473689,2.4813526315789454,97.12299999999965,97.97599999999986,4.636378113112275,6.566672429803241,8.0290484018733,1.1019400787607818,60.52507894736839,29.923815789473668,-0.020202707317516635,0.17446932247745686,0.07999999999999921
2021-11,1.0945505347593574,2.474505347593581,98.13999999999959,98.57900000000033,4.63812128612777,6.601230118728877,7.9965461618192295,1.181727195378614,60.555160427807486,30.10446524064172,0.07696104113612613,0.5031446540880607,0.07999999999999922
2021-12,0.8864813829787236,2.4743085106382963,99.22399999999956,99.30099999999963,4.643140117239722,6.542471960506805,7.951210678833801,1.2556160374777723,60.56449468085104,30.078430851063835,0.15700374880966772,0.16366612111293186,0.07999999999999924
2022-01,0.8733299734748023,2.4751989389920404,99.72000000000052,99.72799999999981,4.6447754405804575,6.546785410760524,7.998889677794291,1.289232648276766,60.57503978779839,30.077241379310337,0.23901690047049504,0.6247597078046847,0.07999999999999922
2022-02,0.9296329815303426,2.4787387862796817,100.0,100.0,4.651003602331262,6.659293919683638,7.887336253217986,1.3480731482996888,60.58546174142484,30.0437994722955,0.32930374714259314,0.5826726525933731,0.07999999999999922
2022-03,0.8393798941798949,2.477936507936506,100.20699999999975,100.1970000000001,4.65681341913993,6.684611727667927,7.900703302161415,1.35583515363519,60.57611111111111,30.068174603174594,0.4054651081081644,0.7217473884140608,0.07999999999999922
2022-04,0.8889835543766569,2.4638912466843483,100.30599999999984,100.33699999999969,4.664004971708985,6.682108597449809,7.922134146747016,1.345472366599631,60.57883289124668,30.048620689655188,0.4054651081081644,0.7448613992079909,0.20000000000000143
2022-05,0.8285165333333335,2.4477679999999986,100.51699999999984,100.54300000000026,4.671425981765149,6.70073110954781,7.899172036046697,1.360976553135605,60.55040000000001,30.002506666666655,0.4946962418361006,0.6644829199812874,0.3299999999999985
2022-06,0.7214907407407409,2.46198148148148,100.76799999999953,100.81399999999924,4.678048831400664,6.721425700790643,7.895771146308226,1.3609765531356048,60.566137566137535,29.9871164021164,0.5709795465857325,0.6136110078095938,0.770000000000002
