변환,원자료
"2004/01/02","4.33"
"2004/01/05","4.33"
"2004/01/06","4.33"
"2004/01/07","4.33"
"2004/01/08","4.33"
"2004/01/09","4.30"
"2004/01/12","4.27"
"2004/01/13","4.27"
"2004/01/14","4.27"
"2004/01/15","4.24"
"2004/01/16","4.24"
"2004/01/19","4.24"
"2004/01/20","4.24"
"2004/01/26","4.22"
"2004/01/27","4.21"
"2004/01/28","4.20"
"2004/01/29","4.19"
"2004/01/30","4.19"
"2004/02/02","4.19"
"2004/02/03","4.18"
"2004/02/04","4.18"
"2004/02/05","4.17"
"2004/02/06","4.17"
"2004/02/09","4.11"
"2004/02/10","4.11"
"2004/02/11","4.11"
"2004/02/12","4.08"
"2004/02/13","4.08"
"2004/02/16","4.07"
"2004/02/17","4.04"
"2004/02/18","4.01"
"2004/02/19","4.00"
"2004/02/20","4.00"
"2004/02/23","4.00"
"2004/02/24","4.00"
"2004/02/25","4.00"
"2004/02/26","4.00"
"2004/02/27","4.00"
"2004/03/02","4.00"
"2004/03/03","4.00"
"2004/03/04","4.00"
"2004/03/05","3.98"
"2004/03/08","3.97"
"2004/03/09","3.97"
"2004/03/10","3.97"
"2004/03/11","3.96"
"2004/03/12","3.95"
"2004/03/15","3.94"
"2004/03/16","3.94"
"2004/03/17","3.94"
"2004/03/18","3.91"
"2004/03/19","3.90"
"2004/03/22","3.90"
"2004/03/23","3.88"
"2004/03/24","3.88"
"2004/03/25","3.88"
"2004/03/26","3.88"
"2004/03/29","3.88"
"2004/03/30","3.90"
"2004/03/31","3.90"
"2004/04/01","3.90"
"2004/04/02","3.90"
"2004/04/06","3.95"
"2004/04/07","3.95"
"2004/04/08","3.94"
"2004/04/09","3.91"
"2004/04/12","3.91"
"2004/04/13","3.91"
"2004/04/14","3.91"
"2004/04/16","3.91"
"2004/04/19","3.91"
"2004/04/20","3.91"
"2004/04/21","3.91"
"2004/04/22","3.91"
"2004/04/23","3.90"
"2004/04/26","3.90"
"2004/04/27","3.90"
"2004/04/28","3.90"
"2004/04/29","3.90"
"2004/04/30","3.90"
"2004/05/03","3.90"
"2004/05/04","3.90"
"2004/05/06","3.90"
"2004/05/07","3.90"
"2004/05/10","3.90"
"2004/05/11","3.90"
"2004/05/12","3.90"
"2004/05/13","3.90"
"2004/05/14","3.90"
"2004/05/17","3.90"
"2004/05/18","3.90"
"2004/05/19","3.90"
"2004/05/20","3.90"
"2004/05/21","3.90"
"2004/05/24","3.89"
"2004/05/25","3.89"
"2004/05/27","3.89"
"2004/05/28","3.89"
"2004/05/31","3.89"
"2004/06/01","3.89"
"2004/06/02","3.89"
"2004/06/03","3.88"
"2004/06/04","3.88"
"2004/06/07","3.88"
"2004/06/08","3.88"
"2004/06/09","3.88"
"2004/06/10","3.88"
"2004/06/11","3.89"
"2004/06/14","3.90"
"2004/06/15","3.90"
"2004/06/16","3.90"
"2004/06/17","3.93"
"2004/06/18","3.93"
"2004/06/21","3.93"
"2004/06/22","3.93"
"2004/06/23","3.93"
"2004/06/24","3.93"
"2004/06/25","3.93"
"2004/06/28","3.93"
"2004/06/29","3.93"
"2004/06/30","3.93"
"2004/07/01","3.93"
"2004/07/02","3.91"
"2004/07/05","3.91"
"2004/07/06","3.91"
"2004/07/07","3.91"
"2004/07/08","3.91"
"2004/07/09","3.91"
"2004/07/12","3.91"
"2004/07/13","3.91"
"2004/07/14","3.91"
"2004/07/15","3.91"
"2004/07/16","3.91"
"2004/07/19","3.90"
"2004/07/20","3.90"
"2004/07/21","3.90"
"2004/07/22","3.90"
"2004/07/23","3.90"
"2004/07/26","3.90"
"2004/07/27","3.90"
"2004/07/28","3.90"
"2004/07/29","3.90"
"2004/07/30","3.90"
"2004/08/02","3.90"
"2004/08/03","3.90"
"2004/08/04","3.90"
"2004/08/05","3.90"
"2004/08/06","3.90"
"2004/08/09","3.90"
"2004/08/10","3.90"
"2004/08/11","3.90"
"2004/08/12","3.73"
"2004/08/13","3.67"
"2004/08/16","3.65"
"2004/08/17","3.62"
"2004/08/18","3.59"
"2004/08/19","3.58"
"2004/08/20","3.58"
"2004/08/23","3.57"
"2004/08/24","3.56"
"2004/08/25","3.56"
"2004/08/26","3.55"
"2004/08/27","3.53"
"2004/08/30","3.52"
"2004/08/31","3.52"
"2004/09/01","3.52"
"2004/09/02","3.52"
"2004/09/03","3.52"
"2004/09/06","3.52"
"2004/09/07","3.52"
"2004/09/08","3.51"
"2004/09/09","3.51"
"2004/09/10","3.51"
"2004/09/13","3.51"
"2004/09/14","3.53"
"2004/09/15","3.52"
"2004/09/16","3.52"
"2004/09/17","3.53"
"2004/09/20","3.53"
"2004/09/21","3.53"
"2004/09/22","3.53"
"2004/09/23","3.54"
"2004/09/24","3.54"
"2004/09/30","3.54"
"2004/10/01","3.54"
"2004/10/04","3.52"
"2004/10/05","3.47"
"2004/10/06","3.43"
"2004/10/07","3.54"
"2004/10/08","3.54"
"2004/10/11","3.53"
"2004/10/12","3.53"
"2004/10/13","3.53"
"2004/10/14","3.53"
"2004/10/15","3.53"
"2004/10/18","3.53"
"2004/10/19","3.53"
"2004/10/20","3.53"
"2004/10/21","3.53"
"2004/10/22","3.53"
"2004/10/25","3.53"
"2004/10/26","3.53"
"2004/10/27","3.53"
"2004/10/28","3.53"
"2004/10/29","3.53"
"2004/11/01","3.53"
"2004/11/02","3.53"
"2004/11/03","3.54"
"2004/11/04","3.54"
"2004/11/05","3.54"
"2004/11/08","3.54"
"2004/11/09","3.54"
"2004/11/10","3.54"
"2004/11/11","3.37"
"2004/11/12","3.36"
"2004/11/15","3.35"
"2004/11/16","3.35"
"2004/11/17","3.35"
"2004/11/18","3.36"
"2004/11/19","3.36"
"2004/11/22","3.36"
"2004/11/23","3.36"
"2004/11/24","3.36"
"2004/11/25","3.36"
"2004/11/26","3.36"
"2004/11/29","3.36"
"2004/11/30","3.36"
"2004/12/01","3.36"
"2004/12/02","3.36"
"2004/12/03","3.36"
"2004/12/06","3.36"
"2004/12/07","3.36"
"2004/12/08","3.37"
"2004/12/09","3.38"
"2004/12/10","3.38"
"2004/12/13","3.38"
"2004/12/14","3.38"
"2004/12/15","3.40"
"2004/12/16","3.40"
"2004/12/17","3.40"
"2004/12/20","3.40"
"2004/12/21","3.41"
"2004/12/22","3.41"
"2004/12/23","3.41"
"2004/12/24","3.42"
"2004/12/27","3.42"
"2004/12/28","3.42"
"2004/12/29","3.42"
"2004/12/30","3.43"
"2004/12/31","3.43"
"2005/01/03","3.45"
"2005/01/04","3.45"
"2005/01/05","3.45"
"2005/01/06","3.45"
"2005/01/07","3.45"
"2005/01/10","3.45"
"2005/01/11","3.45"
"2005/01/12","3.45"
"2005/01/13","3.45"
"2005/01/14","3.45"
"2005/01/17","3.45"
"2005/01/18","3.45"
"2005/01/19","3.46"
"2005/01/20","3.46"
"2005/01/21","3.48"
"2005/01/24","3.49"
"2005/01/25","3.52"
"2005/01/26","3.53"
"2005/01/27","3.53"
"2005/01/28","3.52"
"2005/01/31","3.57"
"2005/02/01","3.58"
"2005/02/02","3.58"
"2005/02/03","3.59"
"2005/02/04","3.60"
"2005/02/07","3.60"
"2005/02/11","3.63"
"2005/02/14","3.63"
"2005/02/15","3.63"
"2005/02/16","3.60"
"2005/02/17","3.59"
"2005/02/18","3.57"
"2005/02/21","3.56"
"2005/02/22","3.57"
"2005/02/23","3.57"
"2005/02/24","3.57"
"2005/02/25","3.57"
"2005/02/28","3.55"
"2005/03/02","3.55"
"2005/03/03","3.55"
"2005/03/04","3.55"
"2005/03/07","3.55"
"2005/03/08","3.55"
"2005/03/09","3.55"
"2005/03/10","3.55"
"2005/03/11","3.55"
"2005/03/14","3.55"
"2005/03/15","3.55"
"2005/03/16","3.55"
"2005/03/17","3.55"
"2005/03/18","3.55"
"2005/03/21","3.55"
"2005/03/22","3.55"
"2005/03/23","3.55"
"2005/03/24","3.55"
"2005/03/25","3.55"
"2005/03/28","3.55"
"2005/03/29","3.55"
"2005/03/30","3.54"
"2005/03/31","3.54"
"2005/04/01","3.54"
"2005/04/04","3.54"
"2005/04/06","3.54"
"2005/04/07","3.54"
"2005/04/08","3.53"
"2005/04/11","3.53"
"2005/04/12","3.53"
"2005/04/13","3.53"
"2005/04/14","3.53"
"2005/04/15","3.52"
"2005/04/18","3.51"
"2005/04/19","3.51"
"2005/04/20","3.50"
"2005/04/21","3.50"
"2005/04/22","3.50"
"2005/04/25","3.50"
"2005/04/26","3.50"
"2005/04/27","3.49"
"2005/04/28","3.49"
"2005/04/29","3.48"
"2005/05/02","3.48"
"2005/05/03","3.49"
"2005/05/04","3.49"
"2005/05/06","3.49"
"2005/05/09","3.50"
"2005/05/10","3.51"
"2005/05/11","3.51"
"2005/05/12","3.51"
"2005/05/13","3.51"
"2005/05/16","3.51"
"2005/05/17","3.51"
"2005/05/18","3.51"
"2005/05/19","3.51"
"2005/05/20","3.51"
"2005/05/23","3.51"
"2005/05/24","3.51"
"2005/05/25","3.51"
"2005/05/26","3.51"
"2005/05/27","3.52"
"2005/05/30","3.52"
"2005/05/31","3.52"
"2005/06/01","3.52"
"2005/06/02","3.52"
"2005/06/03","3.50"
"2005/06/07","3.51"
"2005/06/08","3.50"
"2005/06/09","3.50"
"2005/06/10","3.50"
"2005/06/13","3.51"
"2005/06/14","3.51"
"2005/06/15","3.52"
"2005/06/16","3.52"
"2005/06/17","3.52"
"2005/06/20","3.51"
"2005/06/21","3.51"
"2005/06/22","3.52"
"2005/06/23","3.52"
"2005/06/24","3.51"
"2005/06/27","3.51"
"2005/06/28","3.51"
"2005/06/29","3.52"
"2005/06/30","3.54"
"2005/07/01","3.53"
"2005/07/04","3.54"
"2005/07/05","3.53"
"2005/07/06","3.53"
"2005/07/07","3.53"
"2005/07/08","3.53"
"2005/07/11","3.53"
"2005/07/12","3.52"
"2005/07/13","3.52"
"2005/07/14","3.51"
"2005/07/15","3.51"
"2005/07/18","3.50"
"2005/07/19","3.50"
"2005/07/20","3.50"
"2005/07/21","3.49"
"2005/07/22","3.48"
"2005/07/25","3.48"
"2005/07/26","3.49"
"2005/07/27","3.49"
"2005/07/28","3.49"
"2005/07/29","3.49"
"2005/08/01","3.50"
"2005/08/02","3.50"
"2005/08/03","3.50"
"2005/08/04","3.50"
"2005/08/05","3.50"
"2005/08/08","3.50"
"2005/08/09","3.50"
"2005/08/10","3.50"
"2005/08/11","3.50"
"2005/08/12","3.50"
"2005/08/16","3.49"
"2005/08/17","3.49"
"2005/08/18","3.49"
"2005/08/19","3.48"
"2005/08/22","3.48"
"2005/08/23","3.49"
"2005/08/24","3.49"
"2005/08/25","3.49"
"2005/08/26","3.49"
"2005/08/29","3.49"
"2005/08/30","3.51"
"2005/08/31","3.51"
"2005/09/01","3.51"
"2005/09/02","3.51"
"2005/09/05","3.53"
"2005/09/06","3.54"
"2005/09/07","3.55"
"2005/09/08","3.57"
"2005/09/09","3.58"
"2005/09/12","3.58"
"2005/09/13","3.59"
"2005/09/14","3.64"
"2005/09/15","3.66"
"2005/09/16","3.70"
"2005/09/20","3.76"
"2005/09/21","3.79"
"2005/09/22","3.81"
"2005/09/23","3.83"
"2005/09/26","3.86"
"2005/09/27","3.87"
"2005/09/28","3.94"
"2005/09/29","3.93"
"2005/09/30","3.93"
"2005/10/04","3.98"
"2005/10/05","3.98"
"2005/10/06","3.97"
"2005/10/07","3.97"
"2005/10/10","3.98"
"2005/10/11","3.97"
"2005/10/12","3.97"
"2005/10/13","3.92"
"2005/10/14","3.92"
"2005/10/17","3.92"
"2005/10/18","3.90"
"2005/10/19","3.87"
"2005/10/20","3.87"
"2005/10/21","3.87"
"2005/10/24","3.88"
"2005/10/25","3.89"
"2005/10/26","3.89"
"2005/10/27","3.90"
"2005/10/28","3.91"
"2005/10/31","3.95"
"2005/11/01","3.93"
"2005/11/02","3.95"
"2005/11/03","3.96"
"2005/11/04","3.96"
"2005/11/07","3.96"
"2005/11/08","3.95"
"2005/11/09","3.95"
"2005/11/10","3.95"
"2005/11/11","3.95"
"2005/11/14","3.95"
"2005/11/15","3.97"
"2005/11/16","3.97"
"2005/11/17","3.97"
"2005/11/18","3.97"
"2005/11/21","3.97"
"2005/11/22","3.97"
"2005/11/23","3.96"
"2005/11/24","3.95"
"2005/11/25","3.95"
"2005/11/28","3.95"
"2005/11/29","3.95"
"2005/11/30","3.95"
"2005/12/01","3.95"
"2005/12/02","3.95"
"2005/12/05","3.96"
"2005/12/06","3.96"
"2005/12/07","3.96"
"2005/12/08","4.03"
"2005/12/09","4.03"
"2005/12/12","4.03"
"2005/12/13","4.04"
"2005/12/14","4.05"
"2005/12/15","4.06"
"2005/12/16","4.07"
"2005/12/19","4.07"
"2005/12/20","4.07"
"2005/12/21","4.07"
"2005/12/22","4.07"
"2005/12/23","4.07"
"2005/12/26","4.07"
"2005/12/27","4.08"
"2005/12/28","4.08"
"2005/12/29","4.09"
"2005/12/30","4.09"
"2006/01/02","4.10"
"2006/01/03","4.11"
"2006/01/04","4.12"
"2006/01/05","4.13"
"2006/01/06","4.14"
"2006/01/09","4.15"
"2006/01/10","4.16"
"2006/01/11","4.17"
"2006/01/12","4.17"
"2006/01/13","4.16"
"2006/01/16","4.16"
"2006/01/17","4.16"
"2006/01/18","4.16"
"2006/01/19","4.16"
"2006/01/20","4.16"
"2006/01/23","4.16"
"2006/01/24","4.16"
"2006/01/25","4.16"
"2006/01/26","4.16"
"2006/01/27","4.16"
"2006/01/31","4.18"
"2006/02/01","4.20"
"2006/02/02","4.21"
"2006/02/03","4.22"
"2006/02/06","4.24"
"2006/02/07","4.25"
"2006/02/08","4.26"
"2006/02/09","4.26"
"2006/02/10","4.26"
"2006/02/13","4.26"
"2006/02/14","4.26"
"2006/02/15","4.26"
"2006/02/16","4.26"
"2006/02/17","4.26"
"2006/02/20","4.26"
"2006/02/21","4.26"
"2006/02/22","4.26"
"2006/02/23","4.26"
"2006/02/24","4.26"
"2006/02/27","4.26"
"2006/02/28","4.26"
"2006/03/02","4.26"
"2006/03/03","4.26"
"2006/03/06","4.27"
"2006/03/07","4.27"
"2006/03/08","4.27"
"2006/03/09","4.27"
"2006/03/10","4.27"
"2006/03/13","4.27"
"2006/03/14","4.27"
"2006/03/15","4.27"
"2006/03/16","4.27"
"2006/03/17","4.27"
"2006/03/20","4.27"
"2006/03/21","4.27"
"2006/03/22","4.27"
"2006/03/23","4.27"
"2006/03/24","4.27"
"2006/03/27","4.27"
"2006/03/28","4.27"
"2006/03/29","4.27"
"2006/03/30","4.27"
"2006/03/31","4.27"
"2006/04/03","4.27"
"2006/04/04","4.28"
"2006/04/05","4.29"
"2006/04/06","4.29"
"2006/04/07","4.29"
"2006/04/10","4.30"
"2006/04/11","4.31"
"2006/04/12","4.35"
"2006/04/13","4.35"
"2006/04/14","4.36"
"2006/04/17","4.36"
"2006/04/18","4.36"
"2006/04/19","4.36"
"2006/04/20","4.36"
"2006/04/21","4.36"
"2006/04/24","4.36"
"2006/04/25","4.36"
"2006/04/26","4.36"
"2006/04/27","4.36"
"2006/04/28","4.36"
"2006/05/02","4.36"
"2006/05/03","4.36"
"2006/05/04","4.36"
"2006/05/08","4.36"
"2006/05/09","4.36"
"2006/05/10","4.36"
"2006/05/11","4.36"
"2006/05/12","4.36"
"2006/05/15","4.36"
"2006/05/16","4.36"
"2006/05/17","4.36"
"2006/05/18","4.36"
"2006/05/19","4.36"
"2006/05/22","4.36"
"2006/05/23","4.36"
"2006/05/24","4.36"
"2006/05/25","4.36"
"2006/05/26","4.36"
"2006/05/29","4.36"
"2006/05/30","4.36"
"2006/06/01","4.36"
"2006/06/02","4.36"
"2006/06/05","4.36"
"2006/06/07","4.36"
"2006/06/08","4.41"
"2006/06/09","4.41"
"2006/06/12","4.41"
"2006/06/13","4.41"
"2006/06/14","4.41"
"2006/06/15","4.41"
"2006/06/16","4.44"
"2006/06/19","4.48"
"2006/06/20","4.50"
"2006/06/21","4.51"
"2006/06/22","4.55"
"2006/06/23","4.55"
"2006/06/26","4.56"
"2006/06/27","4.57"
"2006/06/28","4.57"
"2006/06/29","4.60"
"2006/06/30","4.59"
"2006/07/03","4.59"
"2006/07/04","4.60"
"2006/07/05","4.60"
"2006/07/06","4.60"
"2006/07/07","4.60"
"2006/07/10","4.61"
"2006/07/11","4.62"
"2006/07/12","4.63"
"2006/07/13","4.63"
"2006/07/14","4.64"
"2006/07/18","4.64"
"2006/07/19","4.64"
"2006/07/20","4.64"
"2006/07/21","4.64"
"2006/07/24","4.64"
"2006/07/25","4.64"
"2006/07/26","4.64"
"2006/07/27","4.64"
"2006/07/28","4.64"
"2006/07/31","4.64"
"2006/08/01","4.64"
"2006/08/02","4.64"
"2006/08/03","4.64"
"2006/08/04","4.64"
"2006/08/07","4.64"
"2006/08/08","4.64"
"2006/08/09","4.64"
"2006/08/10","4.71"
"2006/08/11","4.70"
"2006/08/14","4.70"
"2006/08/16","4.70"
"2006/08/17","4.70"
"2006/08/18","4.70"
"2006/08/21","4.70"
"2006/08/22","4.70"
"2006/08/23","4.69"
"2006/08/24","4.69"
"2006/08/25","4.69"
"2006/08/28","4.69"
"2006/08/29","4.68"
"2006/08/30","4.68"
"2006/08/31","4.68"
"2006/09/01","4.68"
"2006/09/04","4.67"
"2006/09/05","4.67"
"2006/09/06","4.67"
"2006/09/07","4.67"
"2006/09/08","4.65"
"2006/09/11","4.65"
"2006/09/12","4.64"
"2006/09/13","4.63"
"2006/09/14","4.63"
"2006/09/15","4.63"
"2006/09/18","4.63"
"2006/09/19","4.63"
"2006/09/20","4.63"
"2006/09/21","4.63"
"2006/09/22","4.63"
"2006/09/25","4.61"
"2006/09/26","4.61"
"2006/09/27","4.61"
"2006/09/28","4.60"
"2006/09/29","4.59"
"2006/10/02","4.58"
"2006/10/04","4.58"
"2006/10/09","4.58"
"2006/10/10","4.58"
"2006/10/11","4.58"
"2006/10/12","4.58"
"2006/10/13","4.57"
"2006/10/16","4.57"
"2006/10/17","4.57"
"2006/10/18","4.57"
"2006/10/19","4.57"
"2006/10/20","4.57"
"2006/10/23","4.57"
"2006/10/24","4.57"
"2006/10/25","4.57"
"2006/10/26","4.57"
"2006/10/27","4.57"
"2006/10/30","4.57"
"2006/10/31","4.58"
"2006/11/01","4.58"
"2006/11/02","4.58"
"2006/11/03","4.58"
"2006/11/06","4.59"
"2006/11/07","4.59"
"2006/11/08","4.59"
"2006/11/09","4.59"
"2006/11/10","4.59"
"2006/11/13","4.59"
"2006/11/14","4.59"
"2006/11/15","4.59"
"2006/11/16","4.60"
"2006/11/17","4.60"
"2006/11/20","4.60"
"2006/11/21","4.60"
"2006/11/22","4.60"
"2006/11/23","4.61"
"2006/11/24","4.62"
"2006/11/27","4.62"
"2006/11/28","4.64"
"2006/11/29","4.66"
"2006/11/30","4.67"
"2006/12/01","4.70"
"2006/12/04","4.70"
"2006/12/05","4.70"
"2006/12/06","4.71"
"2006/12/07","4.71"
"2006/12/08","4.71"
"2006/12/11","4.72"
"2006/12/12","4.72"
"2006/12/13","4.72"
"2006/12/14","4.74"
"2006/12/15","4.74"
"2006/12/18","4.74"
"2006/12/19","4.74"
"2006/12/20","4.79"
"2006/12/21","4.80"
"2006/12/22","4.80"
"2006/12/26","4.82"
"2006/12/27","4.83"
"2006/12/28","4.85"
"2006/12/29","4.86"
"2007/01/02","4.87"
"2007/01/03","4.87"
"2007/01/04","4.87"
"2007/01/05","4.87"
"2007/01/08","4.87"
"2007/01/09","4.87"
"2007/01/10","4.88"
"2007/01/11","4.88"
"2007/01/12","4.92"
"2007/01/15","4.93"
"2007/01/16","4.94"
"2007/01/17","4.94"
"2007/01/18","4.94"
"2007/01/19","4.94"
"2007/01/22","4.94"
"2007/01/23","4.94"
"2007/01/24","4.94"
"2007/01/25","4.95"
"2007/01/26","4.95"
"2007/01/29","4.95"
"2007/01/30","4.96"
"2007/01/31","4.96"
"2007/02/01","4.96"
"2007/02/02","4.96"
"2007/02/05","4.96"
"2007/02/06","4.96"
"2007/02/07","4.96"
"2007/02/08","4.95"
"2007/02/09","4.95"
"2007/02/12","4.95"
"2007/02/13","4.95"
"2007/02/14","4.95"
"2007/02/15","4.94"
"2007/02/16","4.94"
"2007/02/20","4.94"
"2007/02/21","4.94"
"2007/02/22","4.94"
"2007/02/23","4.94"
"2007/02/26","4.94"
"2007/02/27","4.94"
"2007/02/28","4.94"
"2007/03/02","4.94"
"2007/03/05","4.94"
"2007/03/06","4.94"
"2007/03/07","4.94"
"2007/03/08","4.94"
"2007/03/09","4.94"
"2007/03/12","4.94"
"2007/03/13","4.94"
"2007/03/14","4.94"
"2007/03/15","4.94"
"2007/03/16","4.94"
"2007/03/19","4.94"
"2007/03/20","4.94"
"2007/03/21","4.94"
"2007/03/22","4.94"
"2007/03/23","4.94"
"2007/03/26","4.94"
"2007/03/27","4.94"
"2007/03/28","4.94"
"2007/03/29","4.94"
"2007/03/30","4.94"
"2007/04/02","4.94"
"2007/04/03","4.94"
"2007/04/04","4.94"
"2007/04/05","4.94"
"2007/04/06","4.94"
"2007/04/09","4.94"
"2007/04/10","4.94"
"2007/04/11","4.94"
"2007/04/12","4.94"
"2007/04/13","4.94"
"2007/04/16","4.94"
"2007/04/17","4.95"
"2007/04/18","4.95"
"2007/04/19","4.95"
"2007/04/20","4.95"
"2007/04/23","4.97"
"2007/04/24","4.97"
"2007/04/25","4.97"
"2007/04/26","4.97"
"2007/04/27","5.00"
"2007/04/30","5.00"
"2007/05/02","5.00"
"2007/05/03","5.00"
"2007/05/04","5.00"
"2007/05/07","5.00"
"2007/05/08","5.01"
"2007/05/09","5.02"
"2007/05/10","5.02"
"2007/05/11","5.02"
"2007/05/14","5.05"
"2007/05/15","5.06"
"2007/05/16","5.06"
"2007/05/17","5.07"
"2007/05/18","5.07"
"2007/05/21","5.07"
"2007/05/22","5.07"
"2007/05/23","5.07"
"2007/05/25","5.07"
"2007/05/28","5.07"
"2007/05/29","5.07"
"2007/05/30","5.07"
"2007/05/31","5.06"
"2007/06/01","5.04"
"2007/06/04","5.04"
"2007/06/05","5.04"
"2007/06/07","5.04"
"2007/06/08","5.04"
"2007/06/11","5.04"
"2007/06/12","5.04"
"2007/06/13","5.04"
"2007/06/14","5.04"
"2007/06/15","5.04"
"2007/06/18","5.04"
"2007/06/19","5.04"
"2007/06/20","5.04"
"2007/06/21","5.04"
"2007/06/22","5.04"
"2007/06/25","5.03"
"2007/06/26","5.03"
"2007/06/27","5.02"
"2007/06/28","5.01"
"2007/06/29","5.00"
"2007/07/02","5.00"
"2007/07/03","5.00"
"2007/07/04","5.00"
"2007/07/05","5.00"
"2007/07/06","5.00"
"2007/07/09","5.00"
"2007/07/10","5.00"
"2007/07/11","5.00"
"2007/07/12","5.06"
"2007/07/13","5.07"
"2007/07/16","5.07"
"2007/07/18","5.08"
"2007/07/19","5.08"
"2007/07/20","5.08"
"2007/07/23","5.08"
"2007/07/24","5.08"
"2007/07/25","5.08"
"2007/07/26","5.08"
"2007/07/27","5.09"
"2007/07/30","5.09"
"2007/07/31","5.10"
"2007/08/01","5.10"
"2007/08/02","5.10"
"2007/08/03","5.10"
"2007/08/06","5.10"
"2007/08/07","5.10"
"2007/08/08","5.10"
"2007/08/09","5.21"
"2007/08/10","5.22"
"2007/08/13","5.23"
"2007/08/14","5.24"
"2007/08/16","5.25"
"2007/08/17","5.25"
"2007/08/20","5.26"
"2007/08/21","5.26"
"2007/08/22","5.26"
"2007/08/23","5.26"
"2007/08/24","5.26"
"2007/08/27","5.27"
"2007/08/28","5.27"
"2007/08/29","5.27"
"2007/08/30","5.28"
"2007/08/31","5.29"
"2007/09/03","5.30"
"2007/09/04","5.30"
"2007/09/05","5.31"
"2007/09/06","5.32"
"2007/09/07","5.33"
"2007/09/10","5.33"
"2007/09/11","5.34"
"2007/09/12","5.34"
"2007/09/13","5.35"
"2007/09/14","5.35"
"2007/09/17","5.35"
"2007/09/18","5.35"
"2007/09/19","5.35"
"2007/09/20","5.35"
"2007/09/21","5.35"
"2007/09/27","5.35"
"2007/09/28","5.35"
"2007/10/01","5.35"
"2007/10/02","5.34"
"2007/10/04","5.34"
"2007/10/05","5.34"
"2007/10/08","5.34"
"2007/10/09","5.34"
"2007/10/10","5.34"
"2007/10/11","5.34"
"2007/10/12","5.34"
"2007/10/15","5.34"
"2007/10/16","5.34"
"2007/10/17","5.34"
"2007/10/18","5.34"
"2007/10/19","5.34"
"2007/10/22","5.34"
"2007/10/23","5.34"
"2007/10/24","5.34"
"2007/10/25","5.35"
"2007/10/26","5.35"
"2007/10/29","5.35"
"2007/10/30","5.35"
"2007/10/31","5.35"
"2007/11/01","5.35"
"2007/11/02","5.35"
"2007/11/05","5.35"
"2007/11/06","5.35"
"2007/11/07","5.35"
"2007/11/08","5.35"
"2007/11/09","5.35"
"2007/11/12","5.36"
"2007/11/13","5.36"
"2007/11/14","5.37"
"2007/11/15","5.38"
"2007/11/16","5.39"
"2007/11/19","5.42"
"2007/11/20","5.45"
"2007/11/21","5.48"
"2007/11/22","5.49"
"2007/11/23","5.50"
"2007/11/26","5.51"
"2007/11/27","5.53"
"2007/11/28","5.55"
"2007/11/29","5.58"
"2007/11/30","5.60"
"2007/12/03","5.61"
"2007/12/04","5.63"
"2007/12/05","5.66"
"2007/12/06","5.67"
"2007/12/07","5.67"
"2007/12/10","5.68"
"2007/12/11","5.69"
"2007/12/12","5.70"
"2007/12/13","5.71"
"2007/12/14","5.74"
"2007/12/17","5.76"
"2007/12/18","5.77"
"2007/12/20","5.78"
"2007/12/21","5.78"
"2007/12/24","5.79"
"2007/12/26","5.80"
"2007/12/27","5.81"
"2007/12/28","5.82"
"2007/12/31","5.82"
"2008/01/02","5.84"
"2008/01/03","5.85"
"2008/01/04","5.86"
"2008/01/07","5.86"
"2008/01/08","5.87"
"2008/01/09","5.88"
"2008/01/10","5.89"
"2008/01/11","5.89"
"2008/01/14","5.89"
"2008/01/15","5.89"
"2008/01/16","5.88"
"2008/01/17","5.88"
"2008/01/18","5.87"
"2008/01/21","5.86"
"2008/01/22","5.86"
"2008/01/23","5.82"
"2008/01/24","5.79"
"2008/01/25","5.76"
"2008/01/28","5.70"
"2008/01/29","5.65"
"2008/01/30","5.60"
"2008/01/31","5.50"
"2008/02/01","5.46"
"2008/02/04","5.41"
"2008/02/05","5.39"
"2008/02/11","5.36"
"2008/02/12","5.35"
"2008/02/13","5.33"
"2008/02/14","5.31"
"2008/02/15","5.29"
"2008/02/18","5.27"
"2008/02/19","5.25"
"2008/02/20","5.24"
"2008/02/21","5.22"
"2008/02/22","5.22"
"2008/02/25","5.20"
"2008/02/26","5.19"
"2008/02/27","5.19"
"2008/02/28","5.19"
"2008/02/29","5.18"
"2008/03/03","5.17"
"2008/03/04","5.17"
"2008/03/05","5.17"
"2008/03/06","5.17"
"2008/03/07","5.17"
"2008/03/10","5.17"
"2008/03/11","5.17"
"2008/03/12","5.18"
"2008/03/13","5.21"
"2008/03/14","5.23"
"2008/03/17","5.26"
"2008/03/18","5.26"
"2008/03/19","5.26"
"2008/03/20","5.27"
"2008/03/21","5.30"
"2008/03/24","5.33"
"2008/03/25","5.35"
"2008/03/26","5.36"
"2008/03/27","5.36"
"2008/03/28","5.37"
"2008/03/31","5.38"
"2008/04/01","5.39"
"2008/04/02","5.40"
"2008/04/03","5.40"
"2008/04/04","5.40"
"2008/04/07","5.40"
"2008/04/08","5.40"
"2008/04/10","5.40"
"2008/04/11","5.40"
"2008/04/14","5.40"
"2008/04/15","5.39"
"2008/04/16","5.38"
"2008/04/17","5.38"
"2008/04/18","5.38"
"2008/04/21","5.38"
"2008/04/22","5.37"
"2008/04/23","5.37"
"2008/04/24","5.37"
"2008/04/25","5.36"
"2008/04/28","5.36"
"2008/04/29","5.36"
"2008/04/30","5.36"
"2008/05/02","5.36"
"2008/05/06","5.36"
"2008/05/07","5.36"
"2008/05/08","5.36"
"2008/05/09","5.36"
"2008/05/13","5.36"
"2008/05/14","5.36"
"2008/05/15","5.36"
"2008/05/16","5.37"
"2008/05/19","5.37"
"2008/05/20","5.37"
"2008/05/21","5.37"
"2008/05/22","5.37"
"2008/05/23","5.37"
"2008/05/26","5.37"
"2008/05/27","5.36"
"2008/05/28","5.36"
"2008/05/29","5.36"
"2008/05/30","5.36"
"2008/06/02","5.36"
"2008/06/03","5.36"
"2008/06/04","5.36"
"2008/06/05","5.36"
"2008/06/09","5.36"
"2008/06/10","5.36"
"2008/06/11","5.36"
"2008/06/12","5.36"
"2008/06/13","5.36"
"2008/06/16","5.36"
"2008/06/17","5.36"
"2008/06/18","5.36"
"2008/06/19","5.36"
"2008/06/20","5.36"
"2008/06/23","5.36"
"2008/06/24","5.37"
"2008/06/25","5.37"
"2008/06/26","5.37"
"2008/06/27","5.37"
"2008/06/30","5.37"
"2008/07/01","5.37"
"2008/07/02","5.37"
"2008/07/03","5.38"
"2008/07/04","5.38"
"2008/07/07","5.39"
"2008/07/08","5.41"
"2008/07/09","5.41"
"2008/07/10","5.44"
"2008/07/11","5.46"
"2008/07/14","5.48"
"2008/07/15","5.52"
"2008/07/16","5.54"
"2008/07/17","5.55"
"2008/07/18","5.57"
"2008/07/21","5.58"
"2008/07/22","5.59"
"2008/07/23","5.59"
"2008/07/24","5.63"
"2008/07/25","5.63"
"2008/07/28","5.65"
"2008/07/29","5.66"
"2008/07/30","5.67"
"2008/07/31","5.68"
"2008/08/01","5.69"
"2008/08/04","5.71"
"2008/08/05","5.72"
"2008/08/06","5.72"
"2008/08/07","5.74"
"2008/08/08","5.75"
"2008/08/11","5.76"
"2008/08/12","5.77"
"2008/08/13","5.78"
"2008/08/14","5.79"
"2008/08/18","5.79"
"2008/08/19","5.79"
"2008/08/20","5.79"
"2008/08/21","5.79"
"2008/08/22","5.79"
"2008/08/25","5.79"
"2008/08/26","5.79"
"2008/08/27","5.79"
"2008/08/28","5.79"
"2008/08/29","5.79"
"2008/09/01","5.79"
"2008/09/02","5.79"
"2008/09/03","5.79"
"2008/09/04","5.79"
"2008/09/05","5.79"
"2008/09/08","5.79"
"2008/09/09","5.79"
"2008/09/10","5.79"
"2008/09/11","5.79"
"2008/09/12","5.79"
"2008/09/16","5.79"
"2008/09/17","5.79"
"2008/09/18","5.79"
"2008/09/19","5.79"
"2008/09/22","5.79"
"2008/09/23","5.79"
"2008/09/24","5.79"
"2008/09/25","5.80"
"2008/09/26","5.81"
"2008/09/29","5.82"
"2008/09/30","5.83"
"2008/10/01","5.85"
"2008/10/02","5.88"
"2008/10/06","5.91"
"2008/10/07","5.95"
"2008/10/08","5.96"
"2008/10/09","5.96"
"2008/10/10","5.98"
"2008/10/13","6.00"
"2008/10/14","6.03"
"2008/10/15","6.06"
"2008/10/16","6.08"
"2008/10/17","6.10"
"2008/10/20","6.12"
"2008/10/21","6.14"
"2008/10/22","6.15"
"2008/10/23","6.16"
"2008/10/24","6.18"
"2008/10/27","6.04"
"2008/10/28","6.05"
"2008/10/29","6.06"
"2008/10/30","6.06"
"2008/10/31","5.98"
"2008/11/03","5.97"
"2008/11/04","5.94"
"2008/11/05","5.93"
"2008/11/06","5.92"
"2008/11/07","5.69"
"2008/11/10","5.69"
"2008/11/11","5.69"
"2008/11/12","5.59"
"2008/11/13","5.59"
"2008/11/14","5.56"
"2008/11/17","5.52"
"2008/11/18","5.51"
"2008/11/19","5.50"
"2008/11/20","5.49"
"2008/11/21","5.48"
"2008/11/24","5.48"
"2008/11/25","5.47"
"2008/11/26","5.45"
"2008/11/27","5.45"
"2008/11/28","5.45"
"2008/12/01","5.45"
"2008/12/02","5.45"
"2008/12/03","5.45"
"2008/12/04","5.45"
"2008/12/05","5.45"
"2008/12/08","5.45"
"2008/12/09","5.44"
"2008/12/10","5.44"
"2008/12/11","4.75"
"2008/12/12","4.75"
"2008/12/15","4.74"
"2008/12/16","4.49"
"2008/12/17","4.34"
"2008/12/18","4.24"
"2008/12/19","4.19"
"2008/12/22","4.09"
"2008/12/23","4.03"
"2008/12/24","3.98"
"2008/12/26","3.95"
"2008/12/29","3.94"
"2008/12/30","3.93"
"2008/12/31","3.93"
"2009/01/02","3.93"
"2009/01/05","3.92"
"2009/01/06","3.92"
"2009/01/07","3.92"
"2009/01/08","3.25"
"2009/01/09","3.18"
"2009/01/12","3.18"
"2009/01/13","3.13"
"2009/01/14","3.02"
"2009/01/15","2.98"
"2009/01/16","2.97"
"2009/01/19","2.97"
"2009/01/20","2.97"
"2009/01/21","2.97"
"2009/01/22","2.96"
"2009/01/23","2.96"
"2009/01/28","2.96"
"2009/01/29","2.96"
"2009/01/30","2.96"
"2009/02/02","2.96"
"2009/02/03","2.96"
"2009/02/04","2.96"
"2009/02/05","2.92"
"2009/02/06","2.92"
"2009/02/09","2.92"
"2009/02/10","2.92"
"2009/02/11","2.92"
"2009/02/12","2.64"
"2009/02/13","2.57"
"2009/02/16","2.57"
"2009/02/17","2.57"
"2009/02/18","2.56"
"2009/02/19","2.55"
"2009/02/20","2.54"
"2009/02/23","2.53"
"2009/02/24","2.51"
"2009/02/25","2.51"
"2009/02/26","2.49"
"2009/02/27","2.49"
"2009/03/02","2.49"
"2009/03/03","2.49"
"2009/03/04","2.49"
"2009/03/05","2.49"
"2009/03/06","2.49"
"2009/03/09","2.45"
"2009/03/10","2.45"
"2009/03/11","2.45"
"2009/03/12","2.45"
"2009/03/13","2.43"
"2009/03/16","2.43"
"2009/03/17","2.43"
"2009/03/18","2.43"
"2009/03/19","2.43"
"2009/03/20","2.43"
"2009/03/23","2.43"
"2009/03/24","2.43"
"2009/03/25","2.43"
"2009/03/26","2.43"
"2009/03/27","2.43"
"2009/03/30","2.43"
"2009/03/31","2.43"
"2009/04/01","2.43"
"2009/04/02","2.43"
"2009/04/03","2.43"
"2009/04/06","2.43"
"2009/04/07","2.43"
"2009/04/08","2.43"
"2009/04/09","2.43"
"2009/04/10","2.43"
"2009/04/13","2.43"
"2009/04/14","2.43"
"2009/04/15","2.42"
"2009/04/16","2.41"
"2009/04/17","2.41"
"2009/04/20","2.41"
"2009/04/21","2.41"
"2009/04/22","2.41"
"2009/04/23","2.41"
"2009/04/24","2.41"
"2009/04/27","2.41"
"2009/04/28","2.41"
"2009/04/29","2.41"
"2009/04/30","2.41"
"2009/05/04","2.41"
"2009/05/06","2.41"
"2009/05/07","2.41"
"2009/05/08","2.41"
"2009/05/11","2.41"
"2009/05/12","2.41"
"2009/05/13","2.41"
"2009/05/14","2.41"
"2009/05/15","2.41"
"2009/05/18","2.41"
"2009/05/19","2.41"
"2009/05/20","2.41"
"2009/05/21","2.41"
"2009/05/22","2.41"
"2009/05/25","2.41"
"2009/05/26","2.41"
"2009/05/27","2.41"
"2009/05/28","2.41"
"2009/05/29","2.41"
"2009/06/01","2.41"
"2009/06/02","2.41"
"2009/06/03","2.41"
"2009/06/04","2.42"
"2009/06/05","2.41"
"2009/06/08","2.41"
"2009/06/09","2.41"
"2009/06/10","2.41"
"2009/06/11","2.41"
"2009/06/12","2.41"
"2009/06/15","2.41"
"2009/06/16","2.41"
"2009/06/17","2.41"
"2009/06/18","2.41"
"2009/06/19","2.41"
"2009/06/22","2.41"
"2009/06/23","2.41"
"2009/06/24","2.41"
"2009/06/25","2.41"
"2009/06/26","2.41"
"2009/06/29","2.41"
"2009/06/30","2.41"
"2009/07/01","2.41"
"2009/07/02","2.41"
"2009/07/03","2.41"
"2009/07/06","2.41"
"2009/07/07","2.41"
"2009/07/08","2.41"
"2009/07/09","2.41"
"2009/07/10","2.41"
"2009/07/13","2.41"
"2009/07/14","2.41"
"2009/07/15","2.41"
"2009/07/16","2.41"
"2009/07/17","2.41"
"2009/07/20","2.41"
"2009/07/21","2.41"
"2009/07/22","2.41"
"2009/07/23","2.41"
"2009/07/24","2.41"
"2009/07/27","2.41"
"2009/07/28","2.41"
"2009/07/29","2.41"
"2009/07/30","2.41"
"2009/07/31","2.41"
"2009/08/03","2.41"
"2009/08/04","2.41"
"2009/08/05","2.41"
"2009/08/06","2.42"
"2009/08/07","2.42"
"2009/08/10","2.42"
"2009/08/11","2.42"
"2009/08/12","2.42"
"2009/08/13","2.45"
"2009/08/14","2.47"
"2009/08/17","2.48"
"2009/08/18","2.49"
"2009/08/19","2.49"
"2009/08/20","2.51"
"2009/08/21","2.51"
"2009/08/24","2.51"
"2009/08/25","2.52"
"2009/08/26","2.56"
"2009/08/27","2.57"
"2009/08/28","2.57"
"2009/08/31","2.57"
"2009/09/01","2.57"
"2009/09/02","2.57"
"2009/09/03","2.57"
"2009/09/04","2.57"
"2009/09/07","2.57"
"2009/09/08","2.57"
"2009/09/09","2.57"
"2009/09/10","2.58"
"2009/09/11","2.59"
"2009/09/14","2.61"
"2009/09/15","2.62"
"2009/09/16","2.63"
"2009/09/17","2.64"
"2009/09/18","2.65"
"2009/09/21","2.68"
"2009/09/22","2.70"
"2009/09/23","2.71"
"2009/09/24","2.72"
"2009/09/25","2.72"
"2009/09/28","2.73"
"2009/09/29","2.74"
"2009/09/30","2.75"
"2009/10/01","2.76"
"2009/10/05","2.77"
"2009/10/06","2.78"
"2009/10/07","2.79"
"2009/10/08","2.80"
"2009/10/09","2.81"
"2009/10/12","2.81"
"2009/10/13","2.81"
"2009/10/14","2.81"
"2009/10/15","2.80"
"2009/10/16","2.80"
"2009/10/19","2.80"
"2009/10/20","2.79"
"2009/10/21","2.79"
"2009/10/22","2.79"
"2009/10/23","2.79"
"2009/10/26","2.79"
"2009/10/27","2.79"
"2009/10/28","2.79"
"2009/10/29","2.79"
"2009/10/30","2.79"
"2009/11/02","2.79"
"2009/11/03","2.79"
"2009/11/04","2.79"
"2009/11/05","2.79"
"2009/11/06","2.79"
"2009/11/09","2.79"
"2009/11/10","2.79"
"2009/11/11","2.79"
"2009/11/12","2.79"
"2009/11/13","2.79"
"2009/11/16","2.79"
"2009/11/17","2.79"
"2009/11/18","2.79"
"2009/11/19","2.79"
"2009/11/20","2.79"
"2009/11/23","2.79"
"2009/11/24","2.79"
"2009/11/25","2.79"
"2009/11/26","2.79"
"2009/11/27","2.79"
"2009/11/30","2.79"
"2009/12/01","2.79"
"2009/12/02","2.79"
"2009/12/03","2.79"
"2009/12/04","2.79"
"2009/12/07","2.79"
"2009/12/08","2.79"
"2009/12/09","2.79"
"2009/12/10","2.79"
"2009/12/11","2.79"
"2009/12/14","2.79"
"2009/12/15","2.79"
"2009/12/16","2.83"
"2009/12/17","2.85"
"2009/12/18","2.85"
"2009/12/21","2.85"
"2009/12/22","2.85"
"2009/12/23","2.85"
"2009/12/24","2.85"
"2009/12/28","2.85"
"2009/12/29","2.85"
"2009/12/30","2.86"
"2009/12/31","2.86"
"2010/01/04","2.88"
"2010/01/05","2.88"
"2010/01/06","2.88"
"2010/01/07","2.88"
"2010/01/08","2.88"
"2010/01/11","2.88"
"2010/01/12","2.88"
"2010/01/13","2.88"
"2010/01/14","2.88"
"2010/01/15","2.88"
"2010/01/18","2.88"
"2010/01/19","2.88"
"2010/01/20","2.88"
"2010/01/21","2.88"
"2010/01/22","2.88"
"2010/01/25","2.88"
"2010/01/26","2.88"
"2010/01/27","2.88"
"2010/01/28","2.88"
"2010/01/29","2.88"
"2010/02/01","2.88"
"2010/02/02","2.88"
"2010/02/03","2.88"
"2010/02/04","2.88"
"2010/02/05","2.88"
"2010/02/08","2.88"
"2010/02/09","2.88"
"2010/02/10","2.88"
"2010/02/11","2.88"
"2010/02/12","2.88"
"2010/02/16","2.88"
"2010/02/17","2.88"
"2010/02/18","2.88"
"2010/02/19","2.88"
"2010/02/22","2.88"
"2010/02/23","2.88"
"2010/02/24","2.88"
"2010/02/25","2.88"
"2010/02/26","2.88"
"2010/03/02","2.88"
"2010/03/03","2.88"
"2010/03/04","2.88"
"2010/03/05","2.86"
"2010/03/08","2.86"
"2010/03/09","2.86"
"2010/03/10","2.86"
"2010/03/11","2.84"
"2010/03/12","2.83"
"2010/03/15","2.83"
"2010/03/16","2.82"
"2010/03/17","2.82"
"2010/03/18","2.82"
"2010/03/19","2.82"
"2010/03/22","2.81"
"2010/03/23","2.81"
"2010/03/24","2.81"
"2010/03/25","2.81"
"2010/03/26","2.78"
"2010/03/29","2.78"
"2010/03/30","2.78"
"2010/03/31","2.78"
"2010/04/01","2.78"
"2010/04/02","2.78"
"2010/04/05","2.72"
"2010/04/06","2.63"
"2010/04/07","2.63"
"2010/04/08","2.53"
"2010/04/09","2.46"
"2010/04/12","2.45"
"2010/04/13","2.45"
"2010/04/14","2.45"
"2010/04/15","2.45"
"2010/04/16","2.45"
"2010/04/19","2.45"
"2010/04/20","2.45"
"2010/04/21","2.45"
"2010/04/22","2.45"
"2010/04/23","2.45"
"2010/04/26","2.45"
"2010/04/27","2.45"
"2010/04/28","2.45"
"2010/04/29","2.45"
"2010/04/30","2.45"
"2010/05/03","2.45"
"2010/05/04","2.45"
"2010/05/06","2.45"
"2010/05/07","2.45"
"2010/05/10","2.45"
"2010/05/11","2.45"
"2010/05/12","2.45"
"2010/05/13","2.45"
"2010/05/14","2.45"
"2010/05/17","2.45"
"2010/05/18","2.45"
"2010/05/19","2.45"
"2010/05/20","2.45"
"2010/05/24","2.45"
"2010/05/25","2.45"
"2010/05/26","2.45"
"2010/05/27","2.45"
"2010/05/28","2.45"
"2010/05/31","2.45"
"2010/06/01","2.45"
"2010/06/03","2.45"
"2010/06/04","2.45"
"2010/06/07","2.45"
"2010/06/08","2.45"
"2010/06/09","2.45"
"2010/06/10","2.45"
"2010/06/11","2.45"
"2010/06/14","2.45"
"2010/06/15","2.45"
"2010/06/16","2.45"
"2010/06/17","2.45"
"2010/06/18","2.45"
"2010/06/21","2.45"
"2010/06/22","2.45"
"2010/06/23","2.45"
"2010/06/24","2.46"
"2010/06/25","2.46"
"2010/06/28","2.46"
"2010/06/29","2.46"
"2010/06/30","2.46"
"2010/07/01","2.46"
"2010/07/02","2.46"
"2010/07/05","2.46"
"2010/07/06","2.46"
"2010/07/07","2.46"
"2010/07/08","2.46"
"2010/07/09","2.63"
"2010/07/12","2.63"
"2010/07/13","2.63"
"2010/07/14","2.63"
"2010/07/15","2.63"
"2010/07/16","2.63"
"2010/07/19","2.63"
"2010/07/20","2.63"
"2010/07/21","2.63"
"2010/07/22","2.63"
"2010/07/23","2.63"
"2010/07/26","2.63"
"2010/07/27","2.63"
"2010/07/28","2.63"
"2010/07/29","2.63"
"2010/07/30","2.63"
"2010/08/02","2.63"
"2010/08/03","2.63"
"2010/08/04","2.63"
"2010/08/05","2.63"
"2010/08/06","2.63"
"2010/08/09","2.63"
"2010/08/10","2.63"
"2010/08/11","2.63"
"2010/08/12","2.63"
"2010/08/13","2.63"
"2010/08/16","2.63"
"2010/08/17","2.63"
"2010/08/18","2.63"
"2010/08/19","2.63"
"2010/08/20","2.63"
"2010/08/23","2.63"
"2010/08/24","2.63"
"2010/08/25","2.63"
"2010/08/26","2.63"
"2010/08/27","2.63"
"2010/08/30","2.63"
"2010/08/31","2.66"
"2010/09/01","2.66"
"2010/09/02","2.66"
"2010/09/03","2.66"
"2010/09/06","2.66"
"2010/09/07","2.66"
"2010/09/08","2.66"
"2010/09/09","2.66"
"2010/09/10","2.66"
"2010/09/13","2.66"
"2010/09/14","2.66"
"2010/09/15","2.66"
"2010/09/16","2.66"
"2010/09/17","2.66"
"2010/09/20","2.66"
"2010/09/24","2.66"
"2010/09/27","2.66"
"2010/09/28","2.66"
"2010/09/29","2.66"
"2010/09/30","2.66"
"2010/10/01","2.66"
"2010/10/04","2.66"
"2010/10/05","2.66"
"2010/10/06","2.66"
"2010/10/07","2.66"
"2010/10/08","2.66"
"2010/10/11","2.66"
"2010/10/12","2.67"
"2010/10/13","2.68"
"2010/10/14","2.67"
"2010/10/15","2.66"
"2010/10/18","2.66"
"2010/10/19","2.66"
"2010/10/20","2.66"
"2010/10/21","2.66"
"2010/10/22","2.66"
"2010/10/25","2.66"
"2010/10/26","2.66"
"2010/10/27","2.66"
"2010/10/28","2.66"
"2010/10/29","2.66"
"2010/11/01","2.66"
"2010/11/02","2.66"
"2010/11/03","2.66"
"2010/11/04","2.66"
"2010/11/05","2.66"
"2010/11/08","2.66"
"2010/11/09","2.66"
"2010/11/10","2.66"
"2010/11/11","2.66"
"2010/11/12","2.66"
"2010/11/15","2.66"
"2010/11/16","2.80"
"2010/11/17","2.80"
"2010/11/18","2.80"
"2010/11/19","2.80"
"2010/11/22","2.80"
"2010/11/23","2.80"
"2010/11/24","2.80"
"2010/11/25","2.80"
"2010/11/26","2.80"
"2010/11/29","2.80"
"2010/11/30","2.80"
"2010/12/01","2.80"
"2010/12/02","2.80"
"2010/12/03","2.80"
"2010/12/06","2.80"
"2010/12/07","2.80"
"2010/12/08","2.80"
"2010/12/09","2.80"
"2010/12/10","2.80"
"2010/12/13","2.80"
"2010/12/14","2.80"
"2010/12/15","2.80"
"2010/12/16","2.80"
"2010/12/17","2.80"
"2010/12/20","2.80"
"2010/12/21","2.80"
"2010/12/22","2.80"
"2010/12/23","2.80"
"2010/12/24","2.80"
"2010/12/27","2.80"
"2010/12/28","2.80"
"2010/12/29","2.80"
"2010/12/30","2.80"
"2010/12/31","2.80"
"2011/01/03","2.80"
"2011/01/04","2.80"
"2011/01/05","2.80"
"2011/01/06","2.80"
"2011/01/07","2.80"
"2011/01/10","2.80"
"2011/01/11","2.80"
"2011/01/12","2.80"
"2011/01/13","2.98"
"2011/01/14","2.98"
"2011/01/17","2.98"
"2011/01/18","2.98"
"2011/01/19","2.98"
"2011/01/20","3.00"
"2011/01/21","3.00"
"2011/01/24","3.01"
"2011/01/25","3.01"
"2011/01/26","3.01"
"2011/01/27","3.02"
"2011/01/28","3.03"
"2011/01/31","3.05"
"2011/02/01","3.05"
"2011/02/07","3.08"
"2011/02/08","3.09"
"2011/02/09","3.09"
"2011/02/10","3.11"
"2011/02/11","3.12"
"2011/02/14","3.13"
"2011/02/15","3.13"
"2011/02/16","3.14"
"2011/02/17","3.15"
"2011/02/18","3.15"
"2011/02/21","3.15"
"2011/02/22","3.15"
"2011/02/23","3.15"
"2011/02/24","3.16"
"2011/02/25","3.16"
"2011/02/28","3.17"
"2011/03/02","3.17"
"2011/03/03","3.23"
"2011/03/04","3.27"
"2011/03/07","3.29"
"2011/03/08","3.30"
"2011/03/09","3.30"
"2011/03/10","3.39"
"2011/03/11","3.39"
"2011/03/14","3.39"
"2011/03/15","3.39"
"2011/03/16","3.39"
"2011/03/17","3.39"
"2011/03/18","3.39"
"2011/03/21","3.39"
"2011/03/22","3.39"
"2011/03/23","3.39"
"2011/03/24","3.39"
"2011/03/25","3.39"
"2011/03/28","3.39"
"2011/03/29","3.39"
"2011/03/30","3.39"
"2011/03/31","3.39"
"2011/04/01","3.39"
"2011/04/04","3.39"
"2011/04/05","3.39"
"2011/04/06","3.39"
"2011/04/07","3.39"
"2011/04/08","3.39"
"2011/04/11","3.40"
"2011/04/12","3.40"
"2011/04/13","3.40"
"2011/04/14","3.40"
"2011/04/15","3.40"
"2011/04/18","3.40"
"2011/04/19","3.40"
"2011/04/20","3.40"
"2011/04/21","3.40"
"2011/04/22","3.41"
"2011/04/25","3.41"
"2011/04/26","3.42"
"2011/04/27","3.42"
"2011/04/28","3.42"
"2011/04/29","3.42"
"2011/05/02","3.43"
"2011/05/03","3.46"
"2011/05/04","3.46"
"2011/05/06","3.46"
"2011/05/09","3.46"
"2011/05/11","3.46"
"2011/05/12","3.46"
"2011/05/13","3.46"
"2011/05/16","3.46"
"2011/05/17","3.46"
"2011/05/18","3.46"
"2011/05/19","3.46"
"2011/05/20","3.46"
"2011/05/23","3.46"
"2011/05/24","3.46"
"2011/05/25","3.46"
"2011/05/26","3.46"
"2011/05/27","3.46"
"2011/05/30","3.46"
"2011/05/31","3.46"
"2011/06/01","3.46"
"2011/06/02","3.46"
"2011/06/03","3.46"
"2011/06/07","3.46"
"2011/06/08","3.46"
"2011/06/09","3.46"
"2011/06/10","3.56"
"2011/06/13","3.56"
"2011/06/14","3.56"
"2011/06/15","3.56"
"2011/06/16","3.56"
"2011/06/17","3.56"
"2011/06/20","3.56"
"2011/06/21","3.56"
"2011/06/22","3.56"
"2011/06/23","3.56"
"2011/06/24","3.56"
"2011/06/27","3.56"
"2011/06/28","3.57"
"2011/06/29","3.57"
"2011/06/30","3.57"
"2011/07/01","3.57"
"2011/07/04","3.57"
"2011/07/05","3.58"
"2011/07/06","3.58"
"2011/07/07","3.59"
"2011/07/08","3.59"
"2011/07/11","3.59"
"2011/07/12","3.59"
"2011/07/13","3.59"
"2011/07/14","3.59"
"2011/07/15","3.59"
"2011/07/18","3.59"
"2011/07/19","3.59"
"2011/07/20","3.59"
"2011/07/21","3.59"
"2011/07/22","3.59"
"2011/07/25","3.59"
"2011/07/26","3.59"
"2011/07/27","3.59"
"2011/07/28","3.59"
"2011/07/29","3.59"
"2011/08/01","3.59"
"2011/08/02","3.59"
"2011/08/03","3.59"
"2011/08/04","3.59"
"2011/08/05","3.59"
"2011/08/08","3.59"
"2011/08/09","3.59"
"2011/08/10","3.59"
"2011/08/11","3.59"
"2011/08/12","3.59"
"2011/08/16","3.59"
"2011/08/17","3.59"
"2011/08/18","3.59"
"2011/08/19","3.59"
"2011/08/22","3.59"
"2011/08/23","3.59"
"2011/08/24","3.59"
"2011/08/25","3.59"
"2011/08/26","3.59"
"2011/08/29","3.59"
"2011/08/30","3.59"
"2011/08/31","3.59"
"2011/09/01","3.59"
"2011/09/02","3.59"
"2011/09/05","3.58"
"2011/09/06","3.58"
"2011/09/07","3.58"
"2011/09/08","3.58"
"2011/09/09","3.58"
"2011/09/14","3.58"
"2011/09/15","3.58"
"2011/09/16","3.58"
"2011/09/19","3.58"
"2011/09/20","3.58"
"2011/09/21","3.58"
"2011/09/22","3.58"
"2011/09/23","3.58"
"2011/09/26","3.58"
"2011/09/27","3.58"
"2011/09/28","3.58"
"2011/09/29","3.58"
"2011/09/30","3.58"
"2011/10/04","3.58"
"2011/10/05","3.58"
"2011/10/06","3.58"
"2011/10/07","3.58"
"2011/10/10","3.58"
"2011/10/11","3.58"
"2011/10/12","3.58"
"2011/10/13","3.58"
"2011/10/14","3.58"
"2011/10/17","3.58"
"2011/10/18","3.57"
"2011/10/19","3.57"
"2011/10/20","3.57"
"2011/10/21","3.57"
"2011/10/24","3.57"
"2011/10/25","3.57"
"2011/10/26","3.57"
"2011/10/27","3.57"
"2011/10/28","3.57"
"2011/10/31","3.57"
"2011/11/01","3.57"
"2011/11/02","3.57"
"2011/11/03","3.57"
"2011/11/04","3.57"
"2011/11/07","3.57"
"2011/11/08","3.57"
"2011/11/09","3.57"
"2011/11/10","3.57"
"2011/11/11","3.57"
"2011/11/14","3.57"
"2011/11/15","3.57"
"2011/11/16","3.57"
"2011/11/17","3.55"
"2011/11/18","3.55"
"2011/11/21","3.55"
"2011/11/22","3.55"
"2011/11/23","3.55"
"2011/11/24","3.55"
"2011/11/25","3.55"
"2011/11/28","3.55"
"2011/11/29","3.55"
"2011/11/30","3.55"
"2011/12/01","3.55"
"2011/12/02","3.55"
"2011/12/05","3.55"
"2011/12/06","3.55"
"2011/12/07","3.55"
"2011/12/08","3.55"
"2011/12/09","3.55"
"2011/12/12","3.55"
"2011/12/13","3.55"
"2011/12/14","3.55"
"2011/12/15","3.55"
"2011/12/16","3.55"
"2011/12/19","3.55"
"2011/12/20","3.55"
"2011/12/21","3.55"
"2011/12/22","3.55"
"2011/12/23","3.55"
"2011/12/26","3.55"
"2011/12/27","3.55"
"2011/12/28","3.55"
"2011/12/29","3.55"
"2011/12/30","3.55"
"2012/01/02","3.56"
"2012/01/03","3.56"
"2012/01/04","3.56"
"2012/01/05","3.56"
"2012/01/06","3.56"
"2012/01/09","3.56"
"2012/01/10","3.56"
"2012/01/11","3.56"
"2012/01/12","3.56"
"2012/01/13","3.56"
"2012/01/16","3.56"
"2012/01/17","3.56"
"2012/01/18","3.55"
"2012/01/19","3.54"
"2012/01/20","3.54"
"2012/01/25","3.54"
"2012/01/26","3.54"
"2012/01/27","3.54"
"2012/01/30","3.54"
"2012/01/31","3.54"
"2012/02/01","3.54"
"2012/02/02","3.54"
"2012/02/03","3.53"
"2012/02/06","3.53"
"2012/02/07","3.53"
"2012/02/08","3.53"
"2012/02/09","3.52"
"2012/02/10","3.52"
"2012/02/13","3.52"
"2012/02/14","3.52"
"2012/02/15","3.52"
"2012/02/16","3.52"
"2012/02/17","3.52"
"2012/02/20","3.52"
"2012/02/21","3.52"
"2012/02/22","3.52"
"2012/02/23","3.52"
"2012/02/24","3.52"
"2012/02/27","3.52"
"2012/02/28","3.53"
"2012/02/29","3.54"
"2012/03/02","3.54"
"2012/03/05","3.54"
"2012/03/06","3.54"
"2012/03/07","3.54"
"2012/03/08","3.54"
"2012/03/09","3.54"
"2012/03/12","3.54"
"2012/03/13","3.54"
"2012/03/14","3.54"
"2012/03/15","3.54"
"2012/03/16","3.54"
"2012/03/19","3.54"
"2012/03/20","3.54"
"2012/03/21","3.54"
"2012/03/22","3.54"
"2012/03/23","3.54"
"2012/03/26","3.55"
"2012/03/27","3.55"
"2012/03/28","3.55"
"2012/03/29","3.55"
"2012/03/30","3.55"
"2012/04/02","3.55"
"2012/04/03","3.55"
"2012/04/04","3.55"
"2012/04/05","3.55"
"2012/04/06","3.55"
"2012/04/09","3.54"
"2012/04/10","3.54"
"2012/04/12","3.54"
"2012/04/13","3.54"
"2012/04/16","3.54"
"2012/04/17","3.54"
"2012/04/18","3.54"
"2012/04/19","3.54"
"2012/04/20","3.54"
"2012/04/23","3.54"
"2012/04/24","3.54"
"2012/04/25","3.54"
"2012/04/26","3.54"
"2012/04/27","3.54"
"2012/04/30","3.54"
"2012/05/02","3.54"
"2012/05/03","3.54"
"2012/05/04","3.54"
"2012/05/07","3.54"
"2012/05/08","3.54"
"2012/05/09","3.54"
"2012/05/10","3.54"
"2012/05/11","3.54"
"2012/05/14","3.54"
"2012/05/15","3.54"
"2012/05/16","3.54"
"2012/05/17","3.54"
"2012/05/18","3.54"
"2012/05/21","3.54"
"2012/05/22","3.54"
"2012/05/23","3.54"
"2012/05/24","3.54"
"2012/05/25","3.54"
"2012/05/29","3.54"
"2012/05/30","3.54"
"2012/05/31","3.54"
"2012/06/01","3.54"
"2012/06/04","3.54"
"2012/06/05","3.54"
"2012/06/07","3.54"
"2012/06/08","3.54"
"2012/06/11","3.54"
"2012/06/12","3.54"
"2012/06/13","3.54"
"2012/06/14","3.54"
"2012/06/15","3.54"
"2012/06/18","3.54"
"2012/06/19","3.54"
"2012/06/20","3.54"
"2012/06/21","3.54"
"2012/06/22","3.54"
"2012/06/25","3.54"
"2012/06/26","3.54"
"2012/06/27","3.54"
"2012/06/28","3.54"
"2012/06/29","3.54"
"2012/07/02","3.54"
"2012/07/03","3.54"
"2012/07/04","3.54"
"2012/07/05","3.54"
"2012/07/06","3.54"
"2012/07/09","3.54"
"2012/07/10","3.54"
"2012/07/11","3.54"
"2012/07/12","3.27"
"2012/07/13","3.25"
"2012/07/16","3.25"
"2012/07/17","3.24"
"2012/07/18","3.23"
"2012/07/19","3.22"
"2012/07/20","3.21"
"2012/07/23","3.20"
"2012/07/24","3.20"
"2012/07/25","3.19"
"2012/07/26","3.19"
"2012/07/27","3.20"
"2012/07/30","3.20"
"2012/07/31","3.20"
"2012/08/01","3.20"
"2012/08/02","3.20"
"2012/08/03","3.20"
"2012/08/06","3.20"
"2012/08/07","3.20"
"2012/08/08","3.20"
"2012/08/09","3.20"
"2012/08/10","3.20"
"2012/08/13","3.20"
"2012/08/14","3.20"
"2012/08/16","3.21"
"2012/08/17","3.21"
"2012/08/20","3.21"
"2012/08/21","3.20"
"2012/08/22","3.19"
"2012/08/23","3.19"
"2012/08/24","3.19"
"2012/08/27","3.19"
"2012/08/28","3.18"
"2012/08/29","3.18"
"2012/08/30","3.17"
"2012/08/31","3.16"
"2012/09/03","3.16"
"2012/09/04","3.16"
"2012/09/05","3.16"
"2012/09/06","3.16"
"2012/09/07","3.16"
"2012/09/10","3.15"
"2012/09/11","3.15"
"2012/09/12","3.15"
"2012/09/13","3.15"
"2012/09/14","3.15"
"2012/09/17","3.15"
"2012/09/18","3.14"
"2012/09/19","3.13"
"2012/09/20","3.12"
"2012/09/21","3.12"
"2012/09/24","3.12"
"2012/09/25","3.11"
"2012/09/26","3.10"
"2012/09/27","3.10"
"2012/09/28","3.09"
"2012/10/02","3.09"
"2012/10/04","3.09"
"2012/10/05","3.09"
"2012/10/08","3.08"
"2012/10/09","3.08"
"2012/10/10","3.08"
"2012/10/11","2.90"
"2012/10/12","2.87"
"2012/10/15","2.87"
"2012/10/16","2.87"
"2012/10/17","2.87"
"2012/10/18","2.87"
"2012/10/19","2.87"
"2012/10/22","2.87"
"2012/10/23","2.86"
"2012/10/24","2.86"
"2012/10/25","2.85"
"2012/10/26","2.85"
"2012/10/29","2.85"
"2012/10/30","2.85"
"2012/10/31","2.85"
"2012/11/01","2.85"
"2012/11/02","2.85"
"2012/11/05","2.85"
"2012/11/06","2.85"
"2012/11/07","2.85"
"2012/11/08","2.85"
"2012/11/09","2.85"
"2012/11/12","2.85"
"2012/11/13","2.85"
"2012/11/14","2.85"
"2012/11/15","2.85"
"2012/11/16","2.85"
"2012/11/19","2.85"
"2012/11/20","2.85"
"2012/11/21","2.85"
"2012/11/22","2.85"
"2012/11/23","2.85"
"2012/11/26","2.85"
"2012/11/27","2.85"
"2012/11/28","2.85"
"2012/11/29","2.85"
"2012/11/30","2.85"
"2012/12/03","2.85"
"2012/12/04","2.85"
"2012/12/05","2.85"
"2012/12/06","2.85"
"2012/12/07","2.87"
"2012/12/10","2.88"
"2012/12/11","2.88"
"2012/12/12","2.89"
"2012/12/13","2.89"
"2012/12/14","2.89"
"2012/12/17","2.89"
"2012/12/18","2.89"
"2012/12/20","2.89"
"2012/12/21","2.89"
"2012/12/24","2.89"
"2012/12/26","2.89"
"2012/12/27","2.89"
"2012/12/28","2.89"
"2012/12/31","2.89"
"2013/01/02","2.89"
"2013/01/03","2.88"
"2013/01/04","2.88"
"2013/01/07","2.87"
"2013/01/08","2.87"
"2013/01/09","2.87"
"2013/01/10","2.87"
"2013/01/11","2.85"
"2013/01/14","2.85"
"2013/01/15","2.85"
"2013/01/16","2.85"
"2013/01/17","2.85"
"2013/01/18","2.85"
"2013/01/21","2.85"
"2013/01/22","2.85"
"2013/01/23","2.85"
"2013/01/24","2.84"
"2013/01/25","2.84"
"2013/01/28","2.84"
"2013/01/29","2.84"
"2013/01/30","2.84"
"2013/01/31","2.84"
"2013/02/01","2.84"
"2013/02/04","2.84"
"2013/02/05","2.84"
"2013/02/06","2.84"
"2013/02/07","2.84"
"2013/02/08","2.84"
"2013/02/12","2.84"
"2013/02/13","2.84"
"2013/02/14","2.83"
"2013/02/15","2.83"
"2013/02/18","2.83"
"2013/02/19","2.83"
"2013/02/20","2.83"
"2013/02/21","2.83"
"2013/02/22","2.83"
"2013/02/25","2.83"
"2013/02/26","2.82"
"2013/02/27","2.82"
"2013/02/28","2.82"
"2013/03/04","2.82"
"2013/03/05","2.82"
"2013/03/06","2.82"
"2013/03/07","2.82"
"2013/03/08","2.82"
"2013/03/11","2.82"
"2013/03/12","2.81"
"2013/03/13","2.81"
"2013/03/14","2.81"
"2013/03/15","2.81"
"2013/03/18","2.81"
"2013/03/19","2.81"
"2013/03/20","2.81"
"2013/03/21","2.81"
"2013/03/22","2.81"
"2013/03/25","2.81"
"2013/03/26","2.81"
"2013/03/27","2.81"
"2013/03/28","2.81"
"2013/03/29","2.81"
"2013/04/01","2.81"
"2013/04/02","2.81"
"2013/04/03","2.80"
"2013/04/04","2.80"
"2013/04/05","2.80"
"2013/04/08","2.80"
"2013/04/09","2.80"
"2013/04/10","2.80"
"2013/04/11","2.79"
"2013/04/12","2.79"
"2013/04/15","2.79"
"2013/04/16","2.79"
"2013/04/17","2.79"
"2013/04/18","2.79"
"2013/04/19","2.79"
"2013/04/22","2.79"
"2013/04/23","2.79"
"2013/04/24","2.79"
"2013/04/25","2.78"
"2013/04/26","2.79"
"2013/04/29","2.80"
"2013/04/30","2.81"
"2013/05/02","2.81"
"2013/05/03","2.81"
"2013/05/06","2.81"
"2013/05/07","2.81"
"2013/05/08","2.81"
"2013/05/09","2.69"
"2013/05/10","2.69"
"2013/05/13","2.69"
"2013/05/14","2.69"
"2013/05/15","2.69"
"2013/05/16","2.69"
"2013/05/20","2.69"
"2013/05/21","2.69"
"2013/05/22","2.69"
"2013/05/23","2.69"
"2013/05/24","2.69"
"2013/05/27","2.69"
"2013/05/28","2.69"
"2013/05/29","2.69"
"2013/05/30","2.69"
"2013/05/31","2.69"
"2013/06/03","2.69"
"2013/06/04","2.69"
"2013/06/05","2.69"
"2013/06/07","2.69"
"2013/06/10","2.69"
"2013/06/11","2.69"
"2013/06/12","2.69"
"2013/06/13","2.69"
"2013/06/14","2.69"
"2013/06/17","2.69"
"2013/06/18","2.69"
"2013/06/19","2.69"
"2013/06/20","2.69"
"2013/06/21","2.70"
"2013/06/24","2.69"
"2013/06/25","2.69"
"2013/06/26","2.69"
"2013/06/27","2.69"
"2013/06/28","2.69"
"2013/07/01","2.69"
"2013/07/02","2.69"
"2013/07/03","2.69"
"2013/07/04","2.69"
"2013/07/05","2.69"
"2013/07/08","2.69"
"2013/07/09","2.69"
"2013/07/10","2.69"
"2013/07/11","2.69"
"2013/07/12","2.69"
"2013/07/15","2.69"
"2013/07/16","2.69"
"2013/07/17","2.69"
"2013/07/18","2.69"
"2013/07/19","2.67"
"2013/07/22","2.67"
"2013/07/23","2.67"
"2013/07/24","2.66"
"2013/07/25","2.66"
"2013/07/26","2.66"
"2013/07/29","2.66"
"2013/07/30","2.66"
"2013/07/31","2.66"
"2013/08/01","2.66"
"2013/08/02","2.66"
"2013/08/05","2.66"
"2013/08/06","2.66"
"2013/08/07","2.66"
"2013/08/08","2.66"
"2013/08/09","2.66"
"2013/08/12","2.66"
"2013/08/13","2.66"
"2013/08/14","2.66"
"2013/08/16","2.66"
"2013/08/19","2.66"
"2013/08/20","2.66"
"2013/08/21","2.66"
"2013/08/22","2.66"
"2013/08/23","2.66"
"2013/08/26","2.66"
"2013/08/27","2.66"
"2013/08/28","2.66"
"2013/08/29","2.66"
"2013/08/30","2.66"
"2013/09/02","2.66"
"2013/09/03","2.66"
"2013/09/04","2.66"
"2013/09/05","2.66"
"2013/09/06","2.66"
"2013/09/09","2.66"
"2013/09/10","2.66"
"2013/09/11","2.66"
"2013/09/12","2.66"
"2013/09/13","2.66"
"2013/09/16","2.66"
"2013/09/17","2.66"
"2013/09/23","2.66"
"2013/09/24","2.66"
"2013/09/25","2.66"
"2013/09/26","2.66"
"2013/09/27","2.66"
"2013/09/30","2.66"
"2013/10/01","2.66"
"2013/10/02","2.66"
"2013/10/04","2.66"
"2013/10/07","2.66"
"2013/10/08","2.66"
"2013/10/10","2.66"
"2013/10/11","2.66"
"2013/10/14","2.66"
"2013/10/15","2.66"
"2013/10/16","2.66"
"2013/10/17","2.66"
"2013/10/18","2.66"
"2013/10/21","2.66"
"2013/10/22","2.66"
"2013/10/23","2.66"
"2013/10/24","2.66"
"2013/10/25","2.66"
"2013/10/28","2.66"
"2013/10/29","2.65"
"2013/10/30","2.65"
"2013/10/31","2.65"
"2013/11/01","2.65"
"2013/11/04","2.65"
"2013/11/05","2.65"
"2013/11/06","2.65"
"2013/11/07","2.65"
"2013/11/08","2.65"
"2013/11/11","2.65"
"2013/11/12","2.65"
"2013/11/13","2.65"
"2013/11/14","2.65"
"2013/11/15","2.65"
"2013/11/18","2.65"
"2013/11/19","2.65"
"2013/11/20","2.65"
"2013/11/21","2.65"
"2013/11/22","2.65"
"2013/11/25","2.65"
"2013/11/26","2.65"
"2013/11/27","2.65"
"2013/11/28","2.65"
"2013/11/29","2.65"
"2013/12/02","2.65"
"2013/12/03","2.65"
"2013/12/04","2.65"
"2013/12/05","2.65"
"2013/12/06","2.65"
"2013/12/09","2.65"
"2013/12/10","2.65"
"2013/12/11","2.65"
"2013/12/12","2.65"
"2013/12/13","2.65"
"2013/12/16","2.65"
"2013/12/17","2.65"
"2013/12/18","2.65"
"2013/12/19","2.65"
"2013/12/20","2.65"
"2013/12/23","2.65"
"2013/12/24","2.65"
"2013/12/26","2.65"
"2013/12/27","2.65"
"2013/12/30","2.66"
"2013/12/31","2.66"
"2014/01/02","2.66"
"2014/01/03","2.66"
"2014/01/06","2.66"
"2014/01/07","2.66"
"2014/01/08","2.66"
"2014/01/09","2.65"
"2014/01/10","2.65"
"2014/01/13","2.65"
"2014/01/14","2.65"
"2014/01/15","2.65"
"2014/01/16","2.65"
"2014/01/17","2.65"
"2014/01/20","2.65"
"2014/01/21","2.65"
"2014/01/22","2.65"
"2014/01/23","2.65"
"2014/01/24","2.65"
"2014/01/27","2.65"
"2014/01/28","2.65"
"2014/01/29","2.65"
"2014/02/03","2.65"
"2014/02/04","2.65"
"2014/02/05","2.65"
"2014/02/06","2.65"
"2014/02/07","2.65"
"2014/02/10","2.65"
"2014/02/11","2.65"
"2014/02/12","2.65"
"2014/02/13","2.65"
"2014/02/14","2.65"
"2014/02/17","2.65"
"2014/02/18","2.65"
"2014/02/19","2.65"
"2014/02/20","2.65"
"2014/02/21","2.65"
"2014/02/24","2.65"
"2014/02/25","2.65"
"2014/02/26","2.65"
"2014/02/27","2.65"
"2014/02/28","2.65"
"2014/03/03","2.65"
"2014/03/04","2.65"
"2014/03/05","2.65"
"2014/03/06","2.65"
"2014/03/07","2.65"
"2014/03/10","2.65"
"2014/03/11","2.65"
"2014/03/12","2.65"
"2014/03/13","2.65"
"2014/03/14","2.65"
"2014/03/17","2.65"
"2014/03/18","2.65"
"2014/03/19","2.65"
"2014/03/20","2.65"
"2014/03/21","2.65"
"2014/03/24","2.65"
"2014/03/25","2.65"
"2014/03/26","2.65"
"2014/03/27","2.65"
"2014/03/28","2.65"
"2014/03/31","2.65"
"2014/04/01","2.65"
"2014/04/02","2.65"
"2014/04/03","2.65"
"2014/04/04","2.65"
"2014/04/07","2.65"
"2014/04/08","2.65"
"2014/04/09","2.65"
"2014/04/10","2.65"
"2014/04/11","2.65"
"2014/04/14","2.65"
"2014/04/15","2.65"
"2014/04/16","2.65"
"2014/04/17","2.65"
"2014/04/18","2.65"
"2014/04/21","2.65"
"2014/04/22","2.65"
"2014/04/23","2.65"
"2014/04/24","2.65"
"2014/04/25","2.65"
"2014/04/28","2.65"
"2014/04/29","2.65"
"2014/04/30","2.65"
"2014/05/02","2.65"
"2014/05/07","2.65"
"2014/05/08","2.65"
"2014/05/09","2.65"
"2014/05/12","2.65"
"2014/05/13","2.65"
"2014/05/14","2.65"
"2014/05/15","2.65"
"2014/05/16","2.65"
"2014/05/19","2.65"
"2014/05/20","2.65"
"2014/05/21","2.65"
"2014/05/22","2.65"
"2014/05/23","2.65"
"2014/05/26","2.65"
"2014/05/27","2.65"
"2014/05/28","2.65"
"2014/05/29","2.65"
"2014/05/30","2.65"
"2014/06/02","2.65"
"2014/06/03","2.65"
"2014/06/05","2.65"
"2014/06/09","2.65"
"2014/06/10","2.65"
"2014/06/11","2.65"
"2014/06/12","2.65"
"2014/06/13","2.65"
"2014/06/16","2.65"
"2014/06/17","2.65"
"2014/06/18","2.65"
"2014/06/19","2.65"
"2014/06/20","2.65"
"2014/06/23","2.65"
"2014/06/24","2.65"
"2014/06/25","2.65"
"2014/06/26","2.65"
"2014/06/27","2.65"
"2014/06/30","2.65"
"2014/07/01","2.65"
"2014/07/02","2.65"
"2014/07/03","2.65"
"2014/07/04","2.65"
"2014/07/07","2.65"
"2014/07/08","2.65"
"2014/07/09","2.65"
"2014/07/10","2.65"
"2014/07/11","2.65"
"2014/07/14","2.65"
"2014/07/15","2.65"
"2014/07/16","2.65"
"2014/07/17","2.65"
"2014/07/18","2.65"
"2014/07/21","2.65"
"2014/07/22","2.65"
"2014/07/23","2.65"
"2014/07/24","2.65"
"2014/07/25","2.65"
"2014/07/28","2.65"
"2014/07/29","2.65"
"2014/07/30","2.65"
"2014/07/31","2.65"
"2014/08/01","2.65"
"2014/08/04","2.65"
"2014/08/05","2.65"
"2014/08/06","2.65"
"2014/08/07","2.65"
"2014/08/08","2.65"
"2014/08/11","2.63"
"2014/08/12","2.62"
"2014/08/13","2.61"
"2014/08/14","2.46"
"2014/08/18","2.43"
"2014/08/19","2.42"
"2014/08/20","2.42"
"2014/08/21","2.42"
"2014/08/22","2.41"
"2014/08/25","2.41"
"2014/08/26","2.40"
"2014/08/27","2.40"
"2014/08/28","2.40"
"2014/08/29","2.40"
"2014/09/01","2.40"
"2014/09/02","2.36"
"2014/09/03","2.36"
"2014/09/04","2.35"
"2014/09/05","2.35"
"2014/09/11","2.35"
"2014/09/12","2.35"
"2014/09/15","2.35"
"2014/09/16","2.35"
"2014/09/17","2.35"
"2014/09/18","2.35"
"2014/09/19","2.35"
"2014/09/22","2.35"
"2014/09/23","2.35"
"2014/09/24","2.35"
"2014/09/25","2.35"
"2014/09/26","2.35"
"2014/09/29","2.35"
"2014/09/30","2.35"
"2014/10/01","2.35"
"2014/10/02","2.35"
"2014/10/06","2.35"
"2014/10/07","2.31"
"2014/10/08","2.30"
"2014/10/10","2.29"
"2014/10/13","2.28"
"2014/10/14","2.28"
"2014/10/15","2.18"
"2014/10/16","2.17"
"2014/10/17","2.17"
"2014/10/20","2.16"
"2014/10/21","2.15"
"2014/10/22","2.15"
"2014/10/23","2.14"
"2014/10/24","2.14"
"2014/10/27","2.14"
"2014/10/28","2.14"
"2014/10/29","2.14"
"2014/10/30","2.14"
"2014/10/31","2.14"
"2014/11/03","2.14"
"2014/11/04","2.14"
"2014/11/05","2.14"
"2014/11/06","2.14"
"2014/11/07","2.14"
"2014/11/10","2.14"
"2014/11/11","2.14"
"2014/11/12","2.14"
"2014/11/13","2.14"
"2014/11/14","2.14"
"2014/11/17","2.14"
"2014/11/18","2.14"
"2014/11/19","2.14"
"2014/11/20","2.14"
"2014/11/21","2.14"
"2014/11/24","2.14"
"2014/11/25","2.13"
"2014/11/26","2.13"
"2014/11/27","2.13"
"2014/11/28","2.13"
"2014/12/01","2.13"
"2014/12/02","2.13"
"2014/12/03","2.13"
"2014/12/04","2.13"
"2014/12/05","2.13"
"2014/12/08","2.13"
"2014/12/09","2.13"
"2014/12/10","2.13"
"2014/12/11","2.13"
"2014/12/12","2.13"
"2014/12/15","2.13"
"2014/12/16","2.13"
"2014/12/17","2.13"
"2014/12/18","2.13"
"2014/12/19","2.13"
"2014/12/22","2.13"
"2014/12/23","2.13"
"2014/12/24","2.13"
"2014/12/26","2.13"
"2014/12/29","2.13"
"2014/12/30","2.13"
"2014/12/31","2.13"
"2015/01/02","2.13"
"2015/01/05","2.13"
"2015/01/06","2.13"
"2015/01/07","2.13"
"2015/01/08","2.13"
"2015/01/09","2.13"
"2015/01/12","2.13"
"2015/01/13","2.13"
"2015/01/14","2.13"
"2015/01/15","2.13"
"2015/01/16","2.13"
"2015/01/19","2.13"
"2015/01/20","2.13"
"2015/01/21","2.13"
"2015/01/22","2.13"
"2015/01/23","2.13"
"2015/01/26","2.13"
"2015/01/27","2.13"
"2015/01/28","2.12"
"2015/01/29","2.12"
"2015/01/30","2.12"
"2015/02/02","2.12"
"2015/02/03","2.12"
"2015/02/04","2.12"
"2015/02/05","2.12"
"2015/02/06","2.12"
"2015/02/09","2.12"
"2015/02/10","2.12"
"2015/02/11","2.12"
"2015/02/12","2.12"
"2015/02/13","2.12"
"2015/02/16","2.12"
"2015/02/17","2.12"
"2015/02/23","2.12"
"2015/02/24","2.10"
"2015/02/25","2.10"
"2015/02/26","2.10"
"2015/02/27","2.10"
"2015/03/02","2.10"
"2015/03/03","2.10"
"2015/03/04","2.10"
"2015/03/05","2.10"
"2015/03/06","2.10"
"2015/03/09","2.10"
"2015/03/10","2.10"
"2015/03/11","2.10"
"2015/03/12","1.91"
"2015/03/13","1.90"
"2015/03/16","1.89"
"2015/03/17","1.88"
"2015/03/18","1.87"
"2015/03/19","1.87"
"2015/03/20","1.86"
"2015/03/23","1.86"
"2015/03/24","1.86"
"2015/03/25","1.86"
"2015/03/26","1.86"
"2015/03/27","1.86"
"2015/03/30","1.85"
"2015/03/31","1.85"
"2015/04/01","1.85"
"2015/04/02","1.85"
"2015/04/03","1.85"
"2015/04/06","1.85"
"2015/04/07","1.83"
"2015/04/08","1.83"
"2015/04/09","1.82"
"2015/04/10","1.80"
"2015/04/13","1.80"
"2015/04/14","1.80"
"2015/04/15","1.80"
"2015/04/16","1.80"
"2015/04/17","1.80"
"2015/04/20","1.80"
"2015/04/21","1.80"
"2015/04/22","1.80"
"2015/04/23","1.80"
"2015/04/24","1.80"
"2015/04/27","1.80"
"2015/04/28","1.80"
"2015/04/29","1.80"
"2015/04/30","1.80"
"2015/05/04","1.80"
"2015/05/06","1.80"
"2015/05/07","1.80"
"2015/05/08","1.80"
"2015/05/11","1.80"
"2015/05/12","1.80"
"2015/05/13","1.80"
"2015/05/14","1.80"
"2015/05/15","1.80"
"2015/05/18","1.80"
"2015/05/19","1.80"
"2015/05/20","1.80"
"2015/05/21","1.80"
"2015/05/22","1.80"
"2015/05/26","1.80"
"2015/05/27","1.80"
"2015/05/28","1.80"
"2015/05/29","1.80"
"2015/06/01","1.80"
"2015/06/02","1.80"
"2015/06/03","1.80"
"2015/06/04","1.80"
"2015/06/05","1.80"
"2015/06/08","1.80"
"2015/06/09","1.80"
"2015/06/10","1.80"
"2015/06/11","1.65"
"2015/06/12","1.65"
"2015/06/15","1.65"
"2015/06/16","1.65"
"2015/06/17","1.65"
"2015/06/18","1.65"
"2015/06/19","1.65"
"2015/06/22","1.65"
"2015/06/23","1.65"
"2015/06/24","1.65"
"2015/06/25","1.65"
"2015/06/26","1.65"
"2015/06/29","1.65"
"2015/06/30","1.65"
"2015/07/01","1.65"
"2015/07/02","1.65"
"2015/07/03","1.65"
"2015/07/06","1.65"
"2015/07/07","1.65"
"2015/07/08","1.65"
"2015/07/09","1.65"
"2015/07/10","1.65"
"2015/07/13","1.65"
"2015/07/14","1.65"
"2015/07/15","1.65"
"2015/07/16","1.65"
"2015/07/17","1.65"
"2015/07/20","1.65"
"2015/07/21","1.65"
"2015/07/22","1.65"
"2015/07/23","1.65"
"2015/07/24","1.65"
"2015/07/27","1.64"
"2015/07/28","1.64"
"2015/07/29","1.64"
"2015/07/30","1.64"
"2015/07/31","1.64"
"2015/08/03","1.64"
"2015/08/04","1.64"
"2015/08/05","1.64"
"2015/08/06","1.64"
"2015/08/07","1.64"
"2015/08/10","1.64"
"2015/08/11","1.64"
"2015/08/12","1.64"
"2015/08/13","1.64"
"2015/08/17","1.64"
"2015/08/18","1.64"
"2015/08/19","1.64"
"2015/08/20","1.64"
"2015/08/21","1.64"
"2015/08/24","1.64"
"2015/08/25","1.64"
"2015/08/26","1.64"
"2015/08/27","1.64"
"2015/08/28","1.64"
"2015/08/31","1.63"
"2015/09/01","1.63"
"2015/09/02","1.61"
"2015/09/03","1.61"
"2015/09/04","1.60"
"2015/09/07","1.60"
"2015/09/08","1.60"
"2015/09/09","1.60"
"2015/09/10","1.60"
"2015/09/11","1.60"
"2015/09/14","1.60"
"2015/09/15","1.60"
"2015/09/16","1.60"
"2015/09/17","1.60"
"2015/09/18","1.60"
"2015/09/21","1.60"
"2015/09/22","1.60"
"2015/09/23","1.60"
"2015/09/24","1.60"
"2015/09/25","1.60"
"2015/09/30","1.59"
"2015/10/01","1.59"
"2015/10/02","1.59"
"2015/10/05","1.59"
"2015/10/06","1.59"
"2015/10/07","1.59"
"2015/10/08","1.59"
"2015/10/12","1.59"
"2015/10/13","1.58"
"2015/10/14","1.57"
"2015/10/15","1.57"
"2015/10/16","1.57"
"2015/10/19","1.57"
"2015/10/20","1.57"
"2015/10/21","1.57"
"2015/10/22","1.57"
"2015/10/23","1.57"
"2015/10/26","1.57"
"2015/10/27","1.57"
"2015/10/28","1.57"
"2015/10/29","1.57"
"2015/10/30","1.57"
"2015/11/02","1.57"
"2015/11/03","1.57"
"2015/11/04","1.57"
"2015/11/05","1.57"
"2015/11/06","1.57"
"2015/11/09","1.57"
"2015/11/10","1.57"
"2015/11/11","1.57"
"2015/11/12","1.58"
"2015/11/13","1.58"
"2015/11/16","1.58"
"2015/11/17","1.58"
"2015/11/18","1.58"
"2015/11/19","1.58"
"2015/11/20","1.58"
"2015/11/23","1.59"
"2015/11/24","1.59"
"2015/11/25","1.59"
"2015/11/26","1.62"
"2015/11/27","1.62"
"2015/11/30","1.66"
"2015/12/01","1.67"
"2015/12/02","1.67"
"2015/12/03","1.67"
"2015/12/04","1.67"
"2015/12/07","1.67"
"2015/12/08","1.67"
"2015/12/09","1.67"
"2015/12/10","1.67"
"2015/12/11","1.67"
"2015/12/14","1.67"
"2015/12/15","1.67"
"2015/12/16","1.67"
"2015/12/17","1.67"
"2015/12/18","1.67"
"2015/12/21","1.67"
"2015/12/22","1.67"
"2015/12/23","1.67"
"2015/12/24","1.67"
"2015/12/28","1.67"
"2015/12/29","1.67"
"2015/12/30","1.67"
"2015/12/31","1.67"
"2016/01/04","1.67"
"2016/01/05","1.67"
"2016/01/06","1.67"
"2016/01/07","1.67"
"2016/01/08","1.67"
"2016/01/11","1.67"
"2016/01/12","1.67"
"2016/01/13","1.67"
"2016/01/14","1.67"
"2016/01/15","1.67"
"2016/01/18","1.67"
"2016/01/19","1.67"
"2016/01/20","1.67"
"2016/01/21","1.67"
"2016/01/22","1.67"
"2016/01/25","1.65"
"2016/01/26","1.65"
"2016/01/27","1.65"
"2016/01/28","1.65"
"2016/01/29","1.65"
"2016/02/01","1.65"
"2016/02/02","1.65"
"2016/02/03","1.65"
"2016/02/04","1.65"
"2016/02/05","1.65"
"2016/02/11","1.64"
"2016/02/12","1.64"
"2016/02/15","1.64"
"2016/02/16","1.63"
"2016/02/17","1.63"
"2016/02/18","1.63"
"2016/02/19","1.63"
"2016/02/22","1.63"
"2016/02/23","1.63"
"2016/02/24","1.63"
"2016/02/25","1.63"
"2016/02/26","1.63"
"2016/02/29","1.63"
"2016/03/02","1.63"
"2016/03/03","1.63"
"2016/03/04","1.63"
"2016/03/07","1.63"
"2016/03/08","1.63"
"2016/03/09","1.63"
"2016/03/10","1.63"
"2016/03/11","1.63"
"2016/03/14","1.63"
"2016/03/15","1.63"
"2016/03/16","1.63"
"2016/03/17","1.63"
"2016/03/18","1.63"
"2016/03/21","1.63"
"2016/03/22","1.63"
"2016/03/23","1.63"
"2016/03/24","1.63"
"2016/03/25","1.63"
"2016/03/28","1.61"
"2016/03/29","1.61"
"2016/03/30","1.61"
"2016/03/31","1.61"
"2016/04/01","1.61"
"2016/04/04","1.61"
"2016/04/05","1.61"
"2016/04/06","1.61"
"2016/04/07","1.61"
"2016/04/08","1.61"
"2016/04/11","1.61"
"2016/04/12","1.61"
"2016/04/14","1.61"
"2016/04/15","1.61"
"2016/04/18","1.61"
"2016/04/19","1.61"
"2016/04/20","1.61"
"2016/04/21","1.61"
"2016/04/22","1.61"
"2016/04/25","1.61"
"2016/04/26","1.61"
"2016/04/27","1.61"
"2016/04/28","1.61"
"2016/04/29","1.61"
"2016/05/02","1.61"
"2016/05/03","1.61"
"2016/05/04","1.61"
"2016/05/09","1.61"
"2016/05/10","1.60"
"2016/05/11","1.60"
"2016/05/12","1.60"
"2016/05/13","1.60"
"2016/05/16","1.58"
"2016/05/17","1.58"
"2016/05/18","1.58"
"2016/05/19","1.56"
"2016/05/20","1.56"
"2016/05/23","1.56"
"2016/05/24","1.56"
"2016/05/25","1.56"
"2016/05/26","1.56"
"2016/05/27","1.56"
"2016/05/30","1.56"
"2016/05/31","1.56"
"2016/06/01","1.56"
"2016/06/02","1.56"
"2016/06/03","1.56"
"2016/06/07","1.56"
"2016/06/08","1.56"
"2016/06/09","1.39"
"2016/06/10","1.39"
"2016/06/13","1.39"
"2016/06/14","1.39"
"2016/06/15","1.39"
"2016/06/16","1.39"
"2016/06/17","1.39"
"2016/06/20","1.39"
"2016/06/21","1.39"
"2016/06/22","1.39"
"2016/06/23","1.39"
"2016/06/24","1.37"
"2016/06/27","1.37"
"2016/06/28","1.37"
"2016/06/29","1.37"
"2016/06/30","1.37"
"2016/07/01","1.37"
"2016/07/04","1.37"
"2016/07/05","1.37"
"2016/07/06","1.37"
"2016/07/07","1.36"
"2016/07/08","1.36"
"2016/07/11","1.36"
"2016/07/12","1.36"
"2016/07/13","1.36"
"2016/07/14","1.36"
"2016/07/15","1.36"
"2016/07/18","1.36"
"2016/07/19","1.36"
"2016/07/20","1.36"
"2016/07/21","1.36"
"2016/07/22","1.36"
"2016/07/25","1.36"
"2016/07/26","1.36"
"2016/07/27","1.36"
"2016/07/28","1.36"
"2016/07/29","1.36"
"2016/08/01","1.36"
"2016/08/02","1.36"
"2016/08/03","1.36"
"2016/08/04","1.36"
"2016/08/05","1.36"
"2016/08/08","1.36"
"2016/08/09","1.36"
"2016/08/10","1.36"
"2016/08/11","1.35"
"2016/08/12","1.35"
"2016/08/16","1.35"
"2016/08/17","1.35"
"2016/08/18","1.34"
"2016/08/19","1.34"
"2016/08/22","1.34"
"2016/08/23","1.34"
"2016/08/24","1.34"
"2016/08/25","1.34"
"2016/08/26","1.34"
"2016/08/29","1.34"
"2016/08/30","1.34"
"2016/08/31","1.34"
"2016/09/01","1.34"
"2016/09/02","1.34"
"2016/09/05","1.34"
"2016/09/06","1.34"
"2016/09/07","1.34"
"2016/09/08","1.34"
"2016/09/09","1.34"
"2016/09/12","1.34"
"2016/09/13","1.34"
"2016/09/19","1.34"
"2016/09/20","1.34"
"2016/09/21","1.34"
"2016/09/22","1.34"
"2016/09/23","1.34"
"2016/09/26","1.34"
"2016/09/27","1.34"
"2016/09/28","1.34"
"2016/09/29","1.34"
"2016/09/30","1.34"
"2016/10/04","1.34"
"2016/10/05","1.34"
"2016/10/06","1.34"
"2016/10/07","1.34"
"2016/10/10","1.34"
"2016/10/11","1.34"
"2016/10/12","1.34"
"2016/10/13","1.34"
"2016/10/14","1.34"
"2016/10/17","1.34"
"2016/10/18","1.34"
"2016/10/19","1.34"
"2016/10/20","1.34"
"2016/10/21","1.36"
"2016/10/24","1.37"
"2016/10/25","1.38"
"2016/10/26","1.39"
"2016/10/27","1.39"
"2016/10/28","1.39"
"2016/10/31","1.39"
"2016/11/01","1.39"
"2016/11/02","1.39"
"2016/11/03","1.39"
"2016/11/04","1.39"
"2016/11/07","1.39"
"2016/11/08","1.39"
"2016/11/09","1.39"
"2016/11/10","1.39"
"2016/11/11","1.39"
"2016/11/14","1.39"
"2016/11/15","1.39"
"2016/11/16","1.39"
"2016/11/17","1.40"
"2016/11/18","1.40"
"2016/11/21","1.41"
"2016/11/22","1.42"
"2016/11/23","1.43"
"2016/11/24","1.46"
"2016/11/25","1.48"
"2016/11/28","1.49"
"2016/11/29","1.52"
"2016/11/30","1.52"
"2016/12/01","1.53"
"2016/12/02","1.54"
"2016/12/05","1.54"
"2016/12/06","1.54"
"2016/12/07","1.54"
"2016/12/08","1.54"
"2016/12/09","1.54"
"2016/12/12","1.54"
"2016/12/13","1.54"
"2016/12/14","1.54"
"2016/12/15","1.54"
"2016/12/16","1.54"
"2016/12/19","1.54"
"2016/12/20","1.54"
"2016/12/21","1.54"
"2016/12/22","1.54"
"2016/12/23","1.54"
"2016/12/26","1.54"
"2016/12/27","1.54"
"2016/12/28","1.53"
"2016/12/29","1.52"
"2016/12/30","1.52"
"2017/01/02","1.52"
"2017/01/03","1.52"
"2017/01/04","1.51"
"2017/01/05","1.51"
"2017/01/06","1.49"
"2017/01/09","1.49"
"2017/01/10","1.49"
"2017/01/11","1.49"
"2017/01/12","1.49"
"2017/01/13","1.49"
"2017/01/16","1.49"
"2017/01/17","1.49"
"2017/01/18","1.49"
"2017/01/19","1.49"
"2017/01/20","1.49"
"2017/01/23","1.49"
"2017/01/24","1.49"
"2017/01/25","1.49"
"2017/01/26","1.49"
"2017/01/31","1.49"
"2017/02/01","1.49"
"2017/02/02","1.49"
"2017/02/03","1.49"
"2017/02/06","1.49"
"2017/02/07","1.49"
"2017/02/08","1.49"
"2017/02/09","1.49"
"2017/02/10","1.49"
"2017/02/13","1.49"
"2017/02/14","1.49"
"2017/02/15","1.49"
"2017/02/16","1.49"
"2017/02/17","1.49"
"2017/02/20","1.49"
"2017/02/21","1.49"
"2017/02/22","1.49"
"2017/02/23","1.49"
"2017/02/24","1.49"
"2017/02/27","1.49"
"2017/02/28","1.49"
"2017/03/02","1.49"
"2017/03/03","1.49"
"2017/03/06","1.49"
"2017/03/07","1.49"
"2017/03/08","1.49"
"2017/03/09","1.49"
"2017/03/10","1.49"
"2017/03/13","1.49"
"2017/03/14","1.49"
"2017/03/15","1.49"
"2017/03/16","1.48"
"2017/03/17","1.48"
"2017/03/20","1.48"
"2017/03/21","1.48"
"2017/03/22","1.48"
"2017/03/23","1.47"
"2017/03/24","1.47"
"2017/03/27","1.47"
"2017/03/28","1.47"
"2017/03/29","1.45"
"2017/03/30","1.45"
"2017/03/31","1.45"
"2017/04/03","1.45"
"2017/04/04","1.45"
"2017/04/05","1.45"
"2017/04/06","1.45"
"2017/04/07","1.45"
"2017/04/10","1.45"
"2017/04/11","1.45"
"2017/04/12","1.43"
"2017/04/13","1.43"
"2017/04/14","1.42"
"2017/04/17","1.42"
"2017/04/18","1.42"
"2017/04/19","1.42"
"2017/04/20","1.42"
"2017/04/21","1.42"
"2017/04/24","1.42"
"2017/04/25","1.42"
"2017/04/26","1.41"
"2017/04/27","1.41"
"2017/04/28","1.41"
"2017/05/02","1.41"
"2017/05/04","1.41"
"2017/05/08","1.41"
"2017/05/10","1.41"
"2017/05/11","1.40"
"2017/05/12","1.40"
"2017/05/15","1.40"
"2017/05/16","1.40"
"2017/05/17","1.39"
"2017/05/18","1.39"
"2017/05/19","1.39"
"2017/05/22","1.39"
"2017/05/23","1.38"
"2017/05/24","1.38"
"2017/05/25","1.38"
"2017/05/26","1.38"
"2017/05/29","1.38"
"2017/05/30","1.38"
"2017/05/31","1.38"
"2017/06/01","1.38"
"2017/06/02","1.38"
"2017/06/05","1.38"
"2017/06/07","1.38"
"2017/06/08","1.38"
"2017/06/09","1.38"
"2017/06/12","1.38"
"2017/06/13","1.38"
"2017/06/14","1.38"
"2017/06/15","1.38"
"2017/06/16","1.38"
"2017/06/19","1.38"
"2017/06/20","1.38"
"2017/06/21","1.38"
"2017/06/22","1.38"
"2017/06/23","1.38"
"2017/06/26","1.38"
"2017/06/27","1.38"
"2017/06/28","1.38"
"2017/06/29","1.38"
"2017/06/30","1.38"
"2017/07/03","1.38"
"2017/07/04","1.38"
"2017/07/05","1.38"
"2017/07/06","1.39"
"2017/07/07","1.39"
"2017/07/10","1.39"
"2017/07/11","1.39"
"2017/07/12","1.39"
"2017/07/13","1.39"
"2017/07/14","1.39"
"2017/07/17","1.39"
"2017/07/18","1.39"
"2017/07/19","1.39"
"2017/07/20","1.39"
"2017/07/21","1.39"
"2017/07/24","1.39"
"2017/07/25","1.39"
"2017/07/26","1.39"
"2017/07/27","1.39"
"2017/07/28","1.39"
"2017/07/31","1.39"
"2017/08/01","1.39"
"2017/08/02","1.39"
"2017/08/03","1.39"
"2017/08/04","1.39"
"2017/08/07","1.39"
"2017/08/08","1.39"
"2017/08/09","1.39"
"2017/08/10","1.39"
"2017/08/11","1.39"
"2017/08/14","1.39"
"2017/08/16","1.39"
"2017/08/17","1.39"
"2017/08/18","1.39"
"2017/08/21","1.39"
"2017/08/22","1.39"
"2017/08/23","1.39"
"2017/08/24","1.39"
"2017/08/25","1.39"
"2017/08/28","1.39"
"2017/08/29","1.38"
"2017/08/30","1.38"
"2017/08/31","1.38"
"2017/09/01","1.38"
"2017/09/04","1.38"
"2017/09/05","1.38"
"2017/09/06","1.38"
"2017/09/07","1.38"
"2017/09/08","1.38"
"2017/09/11","1.38"
"2017/09/12","1.38"
"2017/09/13","1.38"
"2017/09/14","1.38"
"2017/09/15","1.38"
"2017/09/18","1.38"
"2017/09/19","1.38"
"2017/09/20","1.38"
"2017/09/21","1.38"
"2017/09/22","1.38"
"2017/09/25","1.38"
"2017/09/26","1.38"
"2017/09/27","1.38"
"2017/09/28","1.38"
"2017/09/29","1.38"
"2017/10/10","1.38"
"2017/10/11","1.38"
"2017/10/12","1.38"
"2017/10/13","1.38"
"2017/10/16","1.38"
"2017/10/17","1.38"
"2017/10/18","1.38"
"2017/10/19","1.38"
"2017/10/20","1.38"
"2017/10/23","1.38"
"2017/10/24","1.38"
"2017/10/25","1.38"
"2017/10/26","1.38"
"2017/10/27","1.40"
"2017/10/30","1.40"
"2017/10/31","1.40"
"2017/11/01","1.40"
"2017/11/02","1.40"
"2017/11/03","1.40"
"2017/11/06","1.40"
"2017/11/07","1.40"
"2017/11/08","1.40"
"2017/11/09","1.40"
"2017/11/10","1.40"
"2017/11/13","1.41"
"2017/11/14","1.42"
"2017/11/15","1.43"
"2017/11/16","1.44"
"2017/11/17","1.45"
"2017/11/20","1.46"
"2017/11/21","1.47"
"2017/11/22","1.48"
"2017/11/23","1.49"
"2017/11/24","1.50"
"2017/11/27","1.50"
"2017/11/28","1.50"
"2017/11/29","1.51"
"2017/11/30","1.64"
"2017/12/01","1.66"
"2017/12/04","1.66"
"2017/12/05","1.66"
"2017/12/06","1.66"
"2017/12/07","1.66"
"2017/12/08","1.66"
"2017/12/11","1.66"
"2017/12/12","1.66"
"2017/12/13","1.66"
"2017/12/14","1.66"
"2017/12/15","1.66"
"2017/12/18","1.66"
"2017/12/19","1.66"
"2017/12/20","1.66"
"2017/12/21","1.66"
"2017/12/22","1.66"
"2017/12/26","1.66"
"2017/12/27","1.66"
"2017/12/28","1.66"
"2017/12/29","1.66"
"2018/01/02","1.66"
"2018/01/03","1.66"
"2018/01/04","1.66"
"2018/01/05","1.66"
"2018/01/08","1.66"
"2018/01/09","1.66"
"2018/01/10","1.66"
"2018/01/11","1.66"
"2018/01/12","1.66"
"2018/01/15","1.66"
"2018/01/16","1.66"
"2018/01/17","1.65"
"2018/01/18","1.65"
"2018/01/19","1.65"
"2018/01/22","1.65"
"2018/01/23","1.65"
"2018/01/24","1.65"
"2018/01/25","1.65"
"2018/01/26","1.65"
"2018/01/29","1.65"
"2018/01/30","1.65"
"2018/01/31","1.65"
"2018/02/01","1.65"
"2018/02/02","1.65"
"2018/02/05","1.65"
"2018/02/06","1.65"
"2018/02/07","1.65"
"2018/02/08","1.65"
"2018/02/09","1.65"
"2018/02/12","1.65"
"2018/02/13","1.65"
"2018/02/14","1.65"
"2018/02/19","1.65"
"2018/02/20","1.65"
"2018/02/21","1.65"
"2018/02/22","1.65"
"2018/02/23","1.65"
"2018/02/26","1.65"
"2018/02/27","1.65"
"2018/02/28","1.65"
"2018/03/02","1.65"
"2018/03/05","1.65"
"2018/03/06","1.65"
"2018/03/07","1.65"
"2018/03/08","1.65"
"2018/03/09","1.65"
"2018/03/12","1.65"
"2018/03/13","1.65"
"2018/03/14","1.65"
"2018/03/15","1.65"
"2018/03/16","1.65"
"2018/03/19","1.65"
"2018/03/20","1.65"
"2018/03/21","1.65"
"2018/03/22","1.65"
"2018/03/23","1.65"
"2018/03/26","1.65"
"2018/03/27","1.65"
"2018/03/28","1.65"
"2018/03/29","1.65"
"2018/03/30","1.65"
"2018/04/02","1.65"
"2018/04/03","1.65"
"2018/04/04","1.65"
"2018/04/05","1.65"
"2018/04/06","1.65"
"2018/04/09","1.65"
"2018/04/10","1.65"
"2018/04/11","1.65"
"2018/04/12","1.65"
"2018/04/13","1.65"
"2018/04/16","1.65"
"2018/04/17","1.65"
"2018/04/18","1.65"
"2018/04/19","1.65"
"2018/04/20","1.65"
"2018/04/23","1.65"
"2018/04/24","1.65"
"2018/04/25","1.65"
"2018/04/26","1.65"
"2018/04/27","1.65"
"2018/04/30","1.65"
"2018/05/02","1.65"
"2018/05/03","1.65"
"2018/05/04","1.65"
"2018/05/08","1.65"
"2018/05/09","1.65"
"2018/05/10","1.65"
"2018/05/11","1.65"
"2018/05/14","1.65"
"2018/05/15","1.65"
"2018/05/16","1.65"
"2018/05/17","1.65"
"2018/05/18","1.65"
"2018/05/21","1.65"
"2018/05/23","1.65"
"2018/05/24","1.65"
"2018/05/25","1.65"
"2018/05/28","1.65"
"2018/05/29","1.65"
"2018/05/30","1.65"
"2018/05/31","1.65"
"2018/06/01","1.65"
"2018/06/04","1.65"
"2018/06/05","1.65"
"2018/06/07","1.65"
"2018/06/08","1.65"
"2018/06/11","1.65"
"2018/06/12","1.65"
"2018/06/14","1.65"
"2018/06/15","1.65"
"2018/06/18","1.65"
"2018/06/19","1.65"
"2018/06/20","1.65"
"2018/06/21","1.65"
"2018/06/22","1.65"
"2018/06/25","1.65"
"2018/06/26","1.65"
"2018/06/27","1.65"
"2018/06/28","1.65"
"2018/06/29","1.65"
"2018/07/02","1.65"
"2018/07/03","1.65"
"2018/07/04","1.65"
"2018/07/05","1.65"
"2018/07/06","1.65"
"2018/07/09","1.65"
"2018/07/10","1.65"
"2018/07/11","1.65"
"2018/07/12","1.65"
"2018/07/13","1.65"
"2018/07/16","1.65"
"2018/07/17","1.65"
"2018/07/18","1.65"
"2018/07/19","1.65"
"2018/07/20","1.65"
"2018/07/23","1.65"
"2018/07/24","1.65"
"2018/07/25","1.65"
"2018/07/26","1.65"
"2018/07/27","1.65"
"2018/07/30","1.65"
"2018/07/31","1.65"
"2018/08/01","1.65"
"2018/08/02","1.65"
"2018/08/03","1.65"
"2018/08/06","1.65"
"2018/08/07","1.65"
"2018/08/08","1.65"
"2018/08/09","1.65"
"2018/08/10","1.65"
"2018/08/13","1.65"
"2018/08/14","1.65"
"2018/08/16","1.65"
"2018/08/17","1.65"
"2018/08/20","1.65"
"2018/08/21","1.65"
"2018/08/22","1.65"
"2018/08/23","1.65"
"2018/08/24","1.65"
"2018/08/27","1.65"
"2018/08/28","1.65"
"2018/08/29","1.65"
"2018/08/30","1.65"
"2018/08/31","1.65"
"2018/09/03","1.65"
"2018/09/04","1.65"
"2018/09/05","1.65"
"2018/09/06","1.65"
"2018/09/07","1.65"
"2018/09/10","1.65"
"2018/09/11","1.65"
"2018/09/12","1.65"
"2018/09/13","1.65"
"2018/09/14","1.65"
"2018/09/17","1.65"
"2018/09/18","1.65"
"2018/09/19","1.65"
"2018/09/20","1.65"
"2018/09/21","1.65"
"2018/09/27","1.65"
"2018/09/28","1.65"
"2018/10/01","1.65"
"2018/10/02","1.65"
"2018/10/04","1.65"
"2018/10/05","1.65"
"2018/10/08","1.65"
"2018/10/10","1.65"
"2018/10/11","1.65"
"2018/10/12","1.66"
"2018/10/15","1.67"
"2018/10/16","1.68"
"2018/10/17","1.68"
"2018/10/18","1.69"
"2018/10/19","1.70"
"2018/10/22","1.70"
"2018/10/23","1.70"
"2018/10/24","1.70"
"2018/10/25","1.70"
"2018/10/26","1.70"
"2018/10/29","1.70"
"2018/10/30","1.70"
"2018/10/31","1.70"
"2018/11/01","1.70"
"2018/11/02","1.70"
"2018/11/05","1.70"
"2018/11/06","1.70"
"2018/11/07","1.70"
"2018/11/08","1.70"
"2018/11/09","1.70"
"2018/11/12","1.70"
"2018/11/13","1.70"
"2018/11/14","1.70"
"2018/11/15","1.70"
"2018/11/16","1.70"
"2018/11/19","1.70"
"2018/11/20","1.70"
"2018/11/21","1.70"
"2018/11/22","1.70"
"2018/11/23","1.70"
"2018/11/26","1.70"
"2018/11/27","1.70"
"2018/11/28","1.70"
"2018/11/29","1.70"
"2018/11/30","1.90"
"2018/12/03","1.90"
"2018/12/04","1.90"
"2018/12/05","1.90"
"2018/12/06","1.90"
"2018/12/07","1.90"
"2018/12/10","1.90"
"2018/12/11","1.90"
"2018/12/12","1.90"
"2018/12/13","1.90"
"2018/12/14","1.90"
"2018/12/17","1.90"
"2018/12/18","1.90"
"2018/12/19","1.90"
"2018/12/20","1.90"
"2018/12/21","1.90"
"2018/12/24","1.90"
"2018/12/26","1.92"
"2018/12/27","1.92"
"2018/12/28","1.93"
"2018/12/31","1.93"
"2019/01/02","1.93"
"2019/01/03","1.92"
"2019/01/04","1.86"
"2019/01/07","1.86"
"2019/01/08","1.86"
"2019/01/09","1.86"
"2019/01/10","1.86"
"2019/01/11","1.86"
"2019/01/14","1.86"
"2019/01/15","1.86"
"2019/01/16","1.86"
"2019/01/17","1.86"
"2019/01/18","1.86"
"2019/01/21","1.86"
"2019/01/22","1.86"
"2019/01/23","1.86"
"2019/01/24","1.86"
"2019/01/25","1.86"
"2019/01/28","1.86"
"2019/01/29","1.86"
"2019/01/30","1.86"
"2019/01/31","1.86"
"2019/02/01","1.86"
"2019/02/07","1.86"
"2019/02/08","1.86"
"2019/02/11","1.86"
"2019/02/12","1.86"
"2019/02/13","1.86"
"2019/02/14","1.86"
"2019/02/15","1.86"
"2019/02/18","1.87"
"2019/02/19","1.88"
"2019/02/20","1.89"
"2019/02/21","1.89"
"2019/02/22","1.89"
"2019/02/25","1.89"
"2019/02/26","1.89"
"2019/02/27","1.89"
"2019/02/28","1.89"
"2019/03/04","1.89"
"2019/03/05","1.89"
"2019/03/06","1.89"
"2019/03/07","1.89"
"2019/03/08","1.89"
"2019/03/11","1.89"
"2019/03/12","1.89"
"2019/03/13","1.89"
"2019/03/14","1.89"
"2019/03/15","1.90"
"2019/03/18","1.90"
"2019/03/19","1.90"
"2019/03/20","1.90"
"2019/03/21","1.90"
"2019/03/22","1.90"
"2019/03/25","1.90"
"2019/03/26","1.90"
"2019/03/27","1.90"
"2019/03/28","1.90"
"2019/03/29","1.90"
"2019/04/01","1.90"
"2019/04/02","1.89"
"2019/04/03","1.87"
"2019/04/04","1.87"
"2019/04/05","1.86"
"2019/04/08","1.86"
"2019/04/09","1.86"
"2019/04/10","1.86"
"2019/04/11","1.86"
"2019/04/12","1.86"
"2019/04/15","1.86"
"2019/04/16","1.86"
"2019/04/17","1.86"
"2019/04/18","1.86"
"2019/04/19","1.86"
"2019/04/22","1.85"
"2019/04/23","1.85"
"2019/04/24","1.85"
"2019/04/25","1.85"
"2019/04/26","1.84"
"2019/04/29","1.84"
"2019/04/30","1.84"
"2019/05/02","1.84"
"2019/05/03","1.84"
"2019/05/07","1.84"
"2019/05/08","1.84"
"2019/05/09","1.84"
"2019/05/10","1.84"
"2019/05/13","1.84"
"2019/05/14","1.84"
"2019/05/15","1.84"
"2019/05/16","1.84"
"2019/05/17","1.84"
"2019/05/20","1.84"
"2019/05/21","1.84"
"2019/05/22","1.84"
"2019/05/23","1.84"
"2019/05/24","1.84"
"2019/05/27","1.84"
"2019/05/28","1.84"
"2019/05/29","1.84"
"2019/05/30","1.84"
"2019/05/31","1.84"
"2019/06/03","1.82"
"2019/06/04","1.82"
"2019/06/05","1.82"
"2019/06/07","1.82"
"2019/06/10","1.82"
"2019/06/11","1.82"
"2019/06/12","1.81"
"2019/06/13","1.81"
"2019/06/14","1.81"
"2019/06/17","1.80"
"2019/06/18","1.80"
"2019/06/19","1.80"
"2019/06/20","1.80"
"2019/06/21","1.80"
"2019/06/24","1.79"
"2019/06/25","1.79"
"2019/06/26","1.78"
"2019/06/27","1.78"
"2019/06/28","1.78"
"2019/07/01","1.78"
"2019/07/02","1.78"
"2019/07/03","1.78"
"2019/07/04","1.78"
"2019/07/05","1.78"
"2019/07/08","1.78"
"2019/07/09","1.78"
"2019/07/10","1.78"
"2019/07/11","1.78"
"2019/07/12","1.78"
"2019/07/15","1.78"
"2019/07/16","1.78"
"2019/07/17","1.73"
"2019/07/18","1.61"
"2019/07/19","1.59"
"2019/07/22","1.59"
"2019/07/23","1.59"
"2019/07/24","1.56"
"2019/07/25","1.54"
"2019/07/26","1.53"
"2019/07/29","1.53"
"2019/07/30","1.52"
"2019/07/31","1.50"
"2019/08/01","1.50"
"2019/08/02","1.50"
"2019/08/05","1.50"
"2019/08/06","1.49"
"2019/08/07","1.49"
"2019/08/08","1.49"
"2019/08/09","1.49"
"2019/08/12","1.49"
"2019/08/13","1.49"
"2019/08/14","1.49"
"2019/08/16","1.49"
"2019/08/19","1.49"
"2019/08/20","1.49"
"2019/08/21","1.49"
"2019/08/22","1.49"
"2019/08/23","1.49"
"2019/08/26","1.49"
"2019/08/27","1.49"
"2019/08/28","1.49"
"2019/08/29","1.49"
"2019/08/30","1.49"
"2019/09/02","1.49"
"2019/09/03","1.49"
"2019/09/04","1.50"
"2019/09/05","1.53"
"2019/09/06","1.54"
"2019/09/09","1.54"
"2019/09/10","1.54"
"2019/09/11","1.54"
"2019/09/16","1.54"
"2019/09/17","1.54"
"2019/09/18","1.54"
"2019/09/19","1.55"
"2019/09/20","1.55"
"2019/09/23","1.55"
"2019/09/24","1.55"
"2019/09/25","1.55"
"2019/09/26","1.55"
"2019/09/27","1.55"
"2019/09/30","1.55"
"2019/10/01","1.55"
"2019/10/02","1.55"
"2019/10/04","1.55"
"2019/10/07","1.55"
"2019/10/08","1.55"
"2019/10/10","1.55"
"2019/10/11","1.55"
"2019/10/14","1.55"
"2019/10/15","1.55"
"2019/10/16","1.36"
"2019/10/17","1.36"
"2019/10/18","1.36"
"2019/10/21","1.36"
"2019/10/22","1.36"
"2019/10/23","1.36"
"2019/10/24","1.37"
"2019/10/25","1.37"
"2019/10/28","1.44"
"2019/10/29","1.44"
"2019/10/30","1.44"
"2019/10/31","1.44"
"2019/11/01","1.44"
"2019/11/04","1.46"
"2019/11/05","1.49"
"2019/11/06","1.50"
"2019/11/07","1.52"
"2019/11/08","1.52"
"2019/11/11","1.53"
"2019/11/12","1.53"
"2019/11/13","1.53"
"2019/11/14","1.53"
"2019/11/15","1.53"
"2019/11/18","1.53"
"2019/11/19","1.53"
"2019/11/20","1.53"
"2019/11/21","1.53"
"2019/11/22","1.53"
"2019/11/25","1.53"
"2019/11/26","1.53"
"2019/11/27","1.53"
"2019/11/28","1.53"
"2019/11/29","1.53"
"2019/12/02","1.53"
"2019/12/03","1.53"
"2019/12/04","1.53"
"2019/12/05","1.53"
"2019/12/06","1.53"
"2019/12/09","1.53"
"2019/12/10","1.53"
"2019/12/11","1.53"
"2019/12/12","1.53"
"2019/12/13","1.53"
"2019/12/16","1.53"
"2019/12/17","1.53"
"2019/12/18","1.53"
"2019/12/19","1.53"
"2019/12/20","1.53"
"2019/12/23","1.53"
"2019/12/24","1.53"
"2019/12/26","1.53"
"2019/12/27","1.53"
"2019/12/30","1.53"
"2019/12/31","1.53"
"2020/01/02","1.53"
"2020/01/03","1.53"
"2020/01/06","1.49"
"2020/01/07","1.46"
"2020/01/08","1.46"
"2020/01/09","1.46"
"2020/01/10","1.46"
"2020/01/13","1.46"
"2020/01/14","1.46"
"2020/01/15","1.46"
"2020/01/16","1.46"
"2020/01/17","1.46"
"2020/01/20","1.46"
"2020/01/21","1.46"
"2020/01/22","1.46"
"2020/01/23","1.46"
"2020/01/28","1.46"
"2020/01/29","1.46"
"2020/01/30","1.43"
"2020/01/31","1.42"
"2020/02/03","1.42"
"2020/02/04","1.42"
"2020/02/05","1.42"
"2020/02/06","1.42"
"2020/02/07","1.42"
"2020/02/10","1.42"
"2020/02/11","1.42"
"2020/02/12","1.42"
"2020/02/13","1.42"
"2020/02/14","1.42"
"2020/02/17","1.42"
"2020/02/18","1.42"
"2020/02/19","1.42"
"2020/02/20","1.41"
"2020/02/21","1.41"
"2020/02/24","1.41"
"2020/02/25","1.41"
"2020/02/26","1.41"
"2020/02/27","1.41"
"2020/02/28","1.41"
"2020/03/02","1.41"
"2020/03/03","1.41"
"2020/03/04","1.40"
"2020/03/05","1.40"
"2020/03/06","1.40"
"2020/03/09","1.40"
"2020/03/10","1.40"
"2020/03/11","1.40"
"2020/03/12","1.39"
"2020/03/13","1.39"
"2020/03/16","1.39"
"2020/03/17","1.02"
"2020/03/18","1.02"
"2020/03/19","1.02"
"2020/03/20","1.02"
"2020/03/23","1.02"
"2020/03/24","1.07"
"2020/03/25","1.10"
"2020/03/26","1.10"
"2020/03/27","1.10"
"2020/03/30","1.10"
"2020/03/31","1.10"
"2020/04/01","1.10"
"2020/04/02","1.10"
"2020/04/03","1.10"
"2020/04/06","1.10"
"2020/04/07","1.10"
"2020/04/08","1.10"
"2020/04/09","1.10"
"2020/04/10","1.10"
"2020/04/13","1.10"
"2020/04/14","1.10"
"2020/04/16","1.10"
"2020/04/17","1.10"
"2020/04/20","1.10"
"2020/04/21","1.10"
"2020/04/22","1.10"
"2020/04/23","1.10"
"2020/04/24","1.10"
"2020/04/27","1.10"
"2020/04/28","1.10"
"2020/04/29","1.10"
"2020/05/04","1.10"
"2020/05/06","1.10"
"2020/05/07","1.08"
"2020/05/08","1.08"
"2020/05/11","1.05"
"2020/05/12","1.05"
"2020/05/13","1.05"
"2020/05/14","1.05"
"2020/05/15","1.05"
"2020/05/18","1.05"
"2020/05/19","1.02"
"2020/05/20","1.02"
"2020/05/21","1.02"
"2020/05/22","1.02"
"2020/05/25","1.02"
"2020/05/26","1.02"
"2020/05/27","1.02"
"2020/05/28","0.81"
"2020/05/29","0.81"
"2020/06/01","0.81"
"2020/06/02","0.81"
"2020/06/03","0.81"
"2020/06/04","0.80"
"2020/06/05","0.79"
"2020/06/08","0.79"
"2020/06/09","0.79"
"2020/06/10","0.79"
"2020/06/11","0.79"
"2020/06/12","0.79"
"2020/06/15","0.79"
"2020/06/16","0.79"
"2020/06/17","0.79"
"2020/06/18","0.79"
"2020/06/19","0.79"
"2020/06/22","0.79"
"2020/06/23","0.79"
"2020/06/24","0.79"
"2020/06/25","0.79"
"2020/06/26","0.79"
"2020/06/29","0.79"
"2020/06/30","0.79"
"2020/07/01","0.79"
"2020/07/02","0.79"
"2020/07/03","0.79"
"2020/07/06","0.79"
"2020/07/07","0.79"
"2020/07/08","0.79"
"2020/07/09","0.79"
"2020/07/10","0.79"
"2020/07/13","0.79"
"2020/07/14","0.79"
"2020/07/15","0.79"
"2020/07/16","0.79"
"2020/07/17","0.79"
"2020/07/20","0.79"
"2020/07/21","0.79"
"2020/07/22","0.79"
"2020/07/23","0.78"
"2020/07/24","0.78"
"2020/07/27","0.78"
"2020/07/28","0.78"
"2020/07/29","0.78"
"2020/07/30","0.78"
"2020/07/31","0.78"
"2020/08/03","0.78"
"2020/08/04","0.76"
"2020/08/05","0.76"
"2020/08/06","0.76"
"2020/08/07","0.75"
"2020/08/10","0.74"
"2020/08/11","0.73"
"2020/08/12","0.70"
"2020/08/13","0.67"
"2020/08/14","0.65"
"2020/08/18","0.64"
"2020/08/19","0.63"
"2020/08/20","0.63"
"2020/08/21","0.63"
"2020/08/24","0.63"
"2020/08/25","0.63"
"2020/08/26","0.63"
"2020/08/27","0.63"
"2020/08/28","0.63"
"2020/08/31","0.63"
"2020/09/01","0.63"
"2020/09/02","0.63"
"2020/09/03","0.63"
"2020/09/04","0.63"
"2020/09/07","0.63"
"2020/09/08","0.63"
"2020/09/09","0.63"
"2020/09/10","0.63"
"2020/09/11","0.63"
"2020/09/14","0.63"
"2020/09/15","0.63"
"2020/09/16","0.63"
"2020/09/17","0.63"
"2020/09/18","0.63"
"2020/09/21","0.63"
"2020/09/22","0.63"
"2020/09/23","0.63"
"2020/09/24","0.63"
"2020/09/25","0.63"
"2020/09/28","0.63"
"2020/09/29","0.63"
"2020/10/05","0.63"
"2020/10/06","0.63"
"2020/10/07","0.63"
"2020/10/08","0.63"
"2020/10/12","0.63"
"2020/10/13","0.63"
"2020/10/14","0.63"
"2020/10/15","0.63"
"2020/10/16","0.63"
"2020/10/19","0.63"
"2020/10/20","0.63"
"2020/10/21","0.63"
"2020/10/22","0.63"
"2020/10/23","0.63"
"2020/10/26","0.63"
"2020/10/27","0.63"
"2020/10/28","0.63"
"2020/10/29","0.63"
"2020/10/30","0.63"
"2020/11/02","0.63"
"2020/11/03","0.67"
"2020/11/04","0.67"
"2020/11/05","0.66"
"2020/11/06","0.66"
"2020/11/09","0.66"
"2020/11/10","0.66"
"2020/11/11","0.66"
"2020/11/12","0.66"
"2020/11/13","0.66"
"2020/11/16","0.66"
"2020/11/17","0.66"
"2020/11/18","0.66"
"2020/11/19","0.66"
"2020/11/20","0.66"
"2020/11/23","0.66"
"2020/11/24","0.66"
"2020/11/25","0.66"
"2020/11/26","0.66"
"2020/11/27","0.66"
"2020/11/30","0.66"
"2020/12/01","0.66"
"2020/12/02","0.66"
"2020/12/03","0.66"
"2020/12/04","0.66"
"2020/12/07","0.66"
"2020/12/08","0.66"
"2020/12/09","0.66"
"2020/12/10","0.66"
"2020/12/11","0.66"
"2020/12/14","0.66"
"2020/12/15","0.66"
"2020/12/16","0.66"
"2020/12/17","0.66"
"2020/12/18","0.66"
"2020/12/21","0.66"
"2020/12/22","0.66"
"2020/12/23","0.66"
"2020/12/24","0.66"
"2020/12/28","0.66"
"2020/12/29","0.66"
"2020/12/30","0.66"
"2020/12/31","0.66"
"2021/01/04","0.66"
"2021/01/05","0.66"
"2021/01/06","0.66"
"2021/01/07","0.66"
"2021/01/08","0.66"
"2021/01/11","0.66"
"2021/01/12","0.66"
"2021/01/13","0.67"
"2021/01/14","0.67"
"2021/01/15","0.67"
"2021/01/18","0.69"
"2021/01/19","0.69"
"2021/01/20","0.69"
"2021/01/21","0.69"
"2021/01/22","0.69"
"2021/01/25","0.69"
"2021/01/26","0.69"
"2021/01/27","0.70"
"2021/01/28","0.70"
"2021/01/29","0.70"
"2021/02/01","0.70"
"2021/02/02","0.73"
"2021/02/03","0.73"
"2021/02/04","0.73"
"2021/02/05","0.73"
"2021/02/08","0.73"
"2021/02/09","0.73"
"2021/02/10","0.73"
"2021/02/15","0.73"
"2021/02/16","0.74"
"2021/02/17","0.74"
"2021/02/18","0.74"
"2021/02/19","0.74"
"2021/02/22","0.74"
"2021/02/23","0.74"
"2021/02/24","0.74"
"2021/02/25","0.74"
"2021/02/26","0.74"
"2021/03/02","0.74"
"2021/03/03","0.74"
"2021/03/04","0.74"
"2021/03/05","0.74"
"2021/03/08","0.74"
"2021/03/09","0.75"
"2021/03/10","0.75"
"2021/03/11","0.75"
"2021/03/12","0.75"
"2021/03/15","0.75"
"2021/03/16","0.75"
"2021/03/17","0.75"
"2021/03/18","0.75"
"2021/03/19","0.75"
"2021/03/22","0.75"
"2021/03/23","0.75"
"2021/03/24","0.75"
"2021/03/25","0.75"
"2021/03/26","0.75"
"2021/03/29","0.75"
"2021/03/30","0.75"
"2021/03/31","0.75"
"2021/04/01","0.75"
"2021/04/02","0.75"
"2021/04/05","0.75"
"2021/04/06","0.75"
"2021/04/07","0.75"
"2021/04/08","0.75"
"2021/04/09","0.75"
"2021/04/12","0.75"
"2021/04/13","0.73"
"2021/04/14","0.73"
"2021/04/15","0.73"
"2021/04/16","0.73"
"2021/04/19","0.73"
"2021/04/20","0.73"
"2021/04/21","0.73"
"2021/04/22","0.73"
"2021/04/23","0.73"
"2021/04/26","0.73"
"2021/04/27","0.73"
"2021/04/28","0.73"
"2021/04/29","0.73"
"2021/04/30","0.73"
"2021/05/03","0.73"
"2021/05/04","0.73"
"2021/05/06","0.73"
"2021/05/07","0.72"
"2021/05/10","0.71"
"2021/05/11","0.69"
"2021/05/12","0.69"
"2021/05/13","0.67"
"2021/05/14","0.67"
"2021/05/17","0.67"
"2021/05/18","0.67"
"2021/05/20","0.66"
"2021/05/21","0.66"
"2021/05/24","0.66"
"2021/05/25","0.66"
"2021/05/26","0.66"
"2021/05/27","0.66"
"2021/05/28","0.66"
"2021/05/31","0.66"
"2021/06/01","0.66"
"2021/06/02","0.66"
"2021/06/03","0.66"
"2021/06/04","0.66"
"2021/06/07","0.66"
"2021/06/08","0.66"
"2021/06/09","0.66"
"2021/06/10","0.66"
"2021/06/11","0.66"
"2021/06/14","0.66"
"2021/06/15","0.66"
"2021/06/16","0.66"
"2021/06/17","0.66"
"2021/06/18","0.66"
"2021/06/21","0.66"
"2021/06/22","0.66"
"2021/06/23","0.66"
"2021/06/24","0.67"
"2021/06/25","0.67"
"2021/06/28","0.67"
"2021/06/29","0.68"
"2021/06/30","0.68"
"2021/07/01","0.69"
"2021/07/02","0.69"
"2021/07/05","0.69"
"2021/07/06","0.69"
"2021/07/07","0.69"
"2021/07/08","0.69"
"2021/07/09","0.68"
"2021/07/12","0.68"
"2021/07/13","0.69"
"2021/07/14","0.69"
"2021/07/15","0.69"
"2021/07/16","0.70"
"2021/07/19","0.70"
"2021/07/20","0.70"
"2021/07/21","0.70"
"2021/07/22","0.70"
"2021/07/23","0.70"
"2021/07/26","0.70"
"2021/07/27","0.70"
"2021/07/28","0.70"
"2021/07/29","0.70"
"2021/07/30","0.70"
"2021/08/02","0.70"
"2021/08/03","0.70"
"2021/08/04","0.70"
"2021/08/05","0.70"
"2021/08/06","0.70"
"2021/08/09","0.70"
"2021/08/10","0.71"
"2021/08/11","0.71"
"2021/08/12","0.72"
"2021/08/13","0.73"
"2021/08/17","0.74"
"2021/08/18","0.75"
"2021/08/19","0.76"
"2021/08/20","0.76"
"2021/08/23","0.77"
"2021/08/24","0.77"
"2021/08/25","0.77"
"2021/08/26","0.92"
"2021/08/27","0.92"
"2021/08/30","0.92"
"2021/08/31","0.92"
"2021/09/01","0.92"
"2021/09/02","0.92"
"2021/09/03","0.92"
"2021/09/06","0.92"
"2021/09/07","0.92"
"2021/09/08","0.92"
"2021/09/09","0.93"
"2021/09/10","0.96"
"2021/09/13","1.00"
"2021/09/14","1.00"
"2021/09/15","1.01"
"2021/09/16","1.01"
"2021/09/17","1.01"
"2021/09/23","1.02"
"2021/09/24","1.02"
"2021/09/27","1.03"
"2021/09/28","1.04"
"2021/09/29","1.04"
"2021/09/30","1.04"
"2021/10/01","1.04"
"2021/10/05","1.04"
"2021/10/06","1.05"
"2021/10/07","1.05"
"2021/10/08","1.05"
"2021/10/12","1.06"
"2021/10/13","1.07"
"2021/10/14","1.07"
"2021/10/15","1.07"
"2021/10/18","1.08"
"2021/10/19","1.09"
"2021/10/20","1.09"
"2021/10/21","1.09"
"2021/10/22","1.09"
"2021/10/25","1.09"
"2021/10/26","1.09"
"2021/10/27","1.10"
"2021/10/28","1.10"
"2021/10/29","1.12"
"2021/11/01","1.12"
"2021/11/02","1.12"
"2021/11/03","1.12"
"2021/11/04","1.13"
"2021/11/05","1.13"
"2021/11/08","1.14"
"2021/11/09","1.14"
"2021/11/10","1.15"
"2021/11/11","1.15"
"2021/11/12","1.15"
"2021/11/15","1.15"
"2021/11/16","1.15"
"2021/11/17","1.15"
"2021/11/18","1.15"
"2021/11/19","1.17"
"2021/11/22","1.18"
"2021/11/23","1.19"
"2021/11/24","1.20"
"2021/11/25","1.25"
"2021/11/26","1.25"
"2021/11/29","1.25"
"2021/11/30","1.26"
"2021/12/01","1.26"
"2021/12/02","1.26"
"2021/12/03","1.27"
"2021/12/06","1.27"
"2021/12/07","1.27"
"2021/12/08","1.27"
"2021/12/09","1.27"
"2021/12/10","1.27"
"2021/12/13","1.27"
"2021/12/14","1.27"
"2021/12/15","1.27"
"2021/12/16","1.27"
"2021/12/17","1.27"
"2021/12/20","1.27"
"2021/12/21","1.27"
"2021/12/22","1.27"
"2021/12/23","1.27"
"2021/12/24","1.27"
"2021/12/27","1.28"
"2021/12/28","1.28"
"2021/12/29","1.28"
"2021/12/30","1.29"
"2021/12/31","1.29"
"2022/01/03","1.30"
"2022/01/04","1.30"
"2022/01/05","1.30"
"2022/01/06","1.30"
"2022/01/07","1.30"
"2022/01/10","1.30"
"2022/01/11","1.30"
"2022/01/12","1.31"
"2022/01/13","1.35"
"2022/01/14","1.43"
"2022/01/17","1.44"
"2022/01/18","1.45"
"2022/01/19","1.46"
"2022/01/20","1.46"
"2022/01/21","1.46"
"2022/01/24","1.46"
"2022/01/25","1.48"
"2022/01/26","1.49"
"2022/01/27","1.50"
"2022/01/28","1.50"
"2022/02/03","1.50"
"2022/02/04","1.50"
"2022/02/07","1.50"
"2022/02/08","1.50"
"2022/02/09","1.50"
"2022/02/10","1.50"
"2022/02/11","1.50"
"2022/02/14","1.50"
"2022/02/15","1.50"
"2022/02/16","1.50"
"2022/02/17","1.50"
"2022/02/18","1.50"
"2022/02/21","1.50"
"2022/02/22","1.50"
"2022/02/23","1.50"
"2022/02/24","1.50"
"2022/02/25","1.50"
"2022/02/28","1.50"
"2022/03/02","1.50"
"2022/03/03","1.50"
"2022/03/04","1.50"
"2022/03/07","1.50"
"2022/03/08","1.50"
"2022/03/10","1.50"
"2022/03/11","1.50"
"2022/03/14","1.50"
"2022/03/15","1.50"
"2022/03/16","1.50"
"2022/03/17","1.50"
"2022/03/18","1.50"
"2022/03/21","1.50"
"2022/03/22","1.50"
"2022/03/23","1.50"
"2022/03/24","1.51"
"2022/03/25","1.51"
"2022/03/28","1.51"
"2022/03/29","1.51"
"2022/03/30","1.51"
"2022/03/31","1.51"
"2022/04/01","1.51"
"2022/04/04","1.51"
"2022/04/05","1.51"
"2022/04/06","1.51"
"2022/04/07","1.51"
"2022/04/08","1.51"
"2022/04/11","1.51"
"2022/04/12","1.51"
"2022/04/13","1.51"
"2022/04/14","1.72"
"2022/04/15","1.72"
"2022/04/18","1.72"
"2022/04/19","1.72"
"2022/04/20","1.72"
"2022/04/21","1.72"
"2022/04/22","1.72"
"2022/04/25","1.72"
"2022/04/26","1.72"
"2022/04/27","1.72"
"2022/04/28","1.72"
"2022/04/29","1.72"
"2022/05/02","1.72"
"2022/05/03","1.72"
"2022/05/04","1.72"
"2022/05/06","1.72"
"2022/05/09","1.72"
"2022/05/10","1.72"
"2022/05/11","1.72"
"2022/05/12","1.72"
"2022/05/13","1.72"
"2022/05/16","1.72"
"2022/05/17","1.72"
"2022/05/18","1.72"
"2022/05/19","1.72"
"2022/05/20","1.72"
"2022/05/23","1.75"
"2022/05/24","1.75"
"2022/05/25","1.75"
"2022/05/26","1.96"
"2022/05/27","1.96"
"2022/05/30","1.96"
"2022/05/31","1.96"
"2022/06/02","1.96"
"2022/06/03","1.96"
"2022/06/07","1.96"
"2022/06/08","1.96"
"2022/06/09","1.96"
"2022/06/10","1.96"
"2022/06/13","1.96"
"2022/06/14","1.97"
"2022/06/15","1.97"
"2022/06/16","1.99"
"2022/06/17","1.99"
"2022/06/20","1.99"
"2022/06/21","1.99"
"2022/06/22","2.00"
"2022/06/23","2.00"
"2022/06/24","2.00"
"2022/06/27","2.00"
"2022/06/28","2.02"
"2022/06/29","2.04"
"2022/06/30","2.04"
"2022/07/01","2.05"
"2022/07/04","2.05"
"2022/07/05","2.05"
"2022/07/06","2.05"
"2022/07/07","2.05"
"2022/07/08","2.05"
"2022/07/11","2.12"
"2022/07/12","2.14"
"2022/07/13","2.57"
"2022/07/14","2.58"
"2022/07/15","2.58"
"2022/07/18","2.58"
"2022/07/19","2.58"
"2022/07/20","2.58"
"2022/07/21","2.58"
"2022/07/22","2.58"
"2022/07/25","2.59"
"2022/07/26","2.61"
"2022/07/27","2.68"
"2022/07/28","2.74"
"2022/07/29","2.73"
"2022/08/01","2.73"
"2022/08/02","2.73"
"2022/08/03","2.73"
"2022/08/04","2.74"
"2022/08/05","2.74"
"2022/08/08","2.75"
"2022/08/09","2.75"